shops,ratings,prediction_rounded,prediction,userids,ratings_double_pre,prediction_rounded_double_pre
the-bao-makers-singapore,4.0,4.0,3.9331023999999997,2043,0.0,0.0
the-coffee-shot-singapore,4.0,4.0,3.9336052,2326,0.0,0.0
little-farms-cafe-singapore,4.0,4.0,3.8955767,2043,0.0,0.0
lam-yeo-coffee-powder-fty-singapore,5.0,5.0,4.8699913,2043,1.0,1.0
nassim-hill-bakery-bistro-bar-singapore,4.0,4.0,3.9424427000000004,1514,0.0,0.0
nassim-hill-bakery-bistro-bar-singapore,4.0,4.0,3.9272442,128,0.0,0.0
nassim-hill-bakery-bistro-bar-singapore,4.0,4.0,3.9414964,1123,0.0,0.0
nassim-hill-bakery-bistro-bar-singapore,4.0,4.0,3.8999330000000003,1538,0.0,0.0
nassim-hill-bakery-bistro-bar-singapore,4.0,4.0,3.9603372,555,0.0,0.0
nassim-hill-bakery-bistro-bar-singapore,4.0,4.0,3.9494752999999996,2493,0.0,0.0
nassim-hill-bakery-bistro-bar-singapore,4.0,4.0,3.9510300000000003,149,0.0,0.0
brill-singapore,4.0,4.0,3.9147174,1051,0.0,0.0
selfie-coffee-singapore,5.0,5.0,4.890954,2038,1.0,1.0
stateland-cafe-singapore,5.0,5.0,4.880248,1681,1.0,1.0
stateland-cafe-singapore,5.0,5.0,4.853981,1719,1.0,1.0
stateland-cafe-singapore,5.0,5.0,4.9054484,57,1.0,1.0
stateland-cafe-singapore,5.0,5.0,4.9204464,643,1.0,1.0
stateland-cafe-singapore,5.0,5.0,4.8825765,2043,1.0,1.0
dolcetto-by-basilico-singapore,5.0,5.0,4.8915024,1602,1.0,1.0
coffee-club-singapore-5,5.0,5.0,4.8509617,2043,1.0,1.0
la-ristrettos-singapore,5.0,5.0,4.8582087,399,1.0,1.0
la-ristrettos-singapore,5.0,5.0,4.854512000000001,91,1.0,1.0
la-ristrettos-singapore,5.0,5.0,4.8713584,2043,1.0,1.0
la-ristrettos-singapore,5.0,5.0,4.8727735999999995,105,1.0,1.0
la-ristrettos-singapore,5.0,5.0,4.8488,878,1.0,1.0
nanyang-old-coffee-singapore-7,3.0,3.0,2.963802,2331,2.0,2.0
olivia-and-co-singapore,4.0,4.0,3.959431,883,0.0,0.0
rabbit-carrot-gun-singapore-2,4.0,4.0,3.9703536,1116,0.0,0.0
rabbit-carrot-gun-singapore-2,4.0,4.0,3.9146282999999995,878,0.0,0.0
four-seasons-singapore-2,4.0,4.0,3.9371492999999993,2416,0.0,0.0
builders-cafe-singapore-2,4.0,4.0,3.9363163,2469,0.0,0.0
old-town-white-coffee-singapore-8,3.0,3.0,2.9781817999999998,726,2.0,2.0
tea-lounge-singapore-3,5.0,5.0,4.8892517,18,1.0,1.0
rayz-bistro-singapore,5.0,5.0,4.8651457,2043,1.0,1.0
m-seven-cafe-singapore,4.0,4.0,3.91679,2043,0.0,0.0
choupinette-singapore,4.0,4.0,3.9202790000000003,1160,0.0,0.0
flee-away-cafe-singapore,4.0,4.0,3.9342262999999997,1075,0.0,0.0
flee-away-cafe-singapore,4.0,4.0,3.9449775000000002,872,0.0,0.0
botany-singapore,4.0,4.0,3.9614133999999996,1967,0.0,0.0
the-coffee-bean-and-tea-leaf-singapore-35,4.0,4.0,3.9089239,91,0.0,0.0
starbucks-singapore-92,5.0,1.0,-0.40242657,2043,1.0,3.0
smoothy-de-cafe-singapore,4.0,4.0,3.9111309999999997,2043,0.0,0.0
the-clueless-goat-singapore,4.0,4.0,3.9042926,1676,0.0,0.0
the-clueless-goat-singapore,4.0,4.0,3.977331,1974,0.0,0.0
the-clueless-goat-singapore,4.0,4.0,3.9381807,2097,0.0,0.0
the-clueless-goat-singapore,4.0,4.0,3.9562513999999998,1022,0.0,0.0
the-clueless-goat-singapore,4.0,4.0,3.9349532,2043,0.0,0.0
pek-kio-market-and-food-centre-singapore,5.0,5.0,4.8205175,377,1.0,1.0
pek-kio-market-and-food-centre-singapore,5.0,5.0,4.8378120000000004,1226,1.0,1.0
apartment-coffee-singapore,5.0,1.0,-0.031157152999999996,2043,1.0,3.0
cafe-melba-singapore,4.0,4.0,3.9580135000000003,1166,0.0,0.0
cafe-melba-singapore,4.0,4.0,3.9215355000000005,1956,0.0,0.0
five-oars-coffee-roasters-singapore-2,5.0,5.0,4.875126,306,1.0,1.0
craftsmen-specialty-coffee-singapore,4.0,4.0,3.915096,789,0.0,0.0
craftsmen-specialty-coffee-singapore,4.0,4.0,3.933567,190,0.0,0.0
craftsmen-specialty-coffee-singapore,4.0,4.0,3.8912833,1275,0.0,0.0
praelum-wine-bistro-singapore,5.0,5.0,4.891863,186,1.0,1.0
praelum-wine-bistro-singapore,5.0,5.0,4.8540163,1084,1.0,1.0
maccha-house-singapore,4.0,4.0,3.9457104,2363,0.0,0.0
maccha-house-singapore,4.0,4.0,3.9210540000000003,2097,0.0,0.0
the-aftertaste-singapore-2,5.0,5.0,4.877383999999999,2043,1.0,1.0
koi-cafe-singapore-2,5.0,5.0,4.929933,1419,1.0,1.0
koi-cafe-singapore-2,5.0,5.0,4.866322,2043,1.0,1.0
starbucks-singapore-82,4.0,4.0,3.9434050000000003,2043,0.0,0.0
the-book-cafe-singapore,4.0,4.0,3.9218805,532,0.0,0.0
the-book-cafe-singapore,4.0,4.0,3.929872,1861,0.0,0.0
the-book-cafe-singapore,4.0,4.0,3.9109015,701,0.0,0.0
the-book-cafe-singapore,4.0,4.0,3.9361284,27,0.0,0.0
the-book-cafe-singapore,4.0,4.0,3.932754,2218,0.0,0.0
the-book-cafe-singapore,4.0,4.0,3.9315413999999995,1825,0.0,0.0
the-book-cafe-singapore,4.0,4.0,3.9288616000000003,1542,0.0,0.0
smør-singapore,4.0,4.0,3.9457513999999994,2493,0.0,0.0
chatime-singapore-2,4.0,4.0,3.937175,306,0.0,0.0
bungy-bar-singapore,4.0,4.0,3.9202979,556,0.0,0.0
bungy-bar-singapore,4.0,4.0,3.9158945,2043,0.0,0.0
zeppelin-and-co-singapore,5.0,1.0,0.4606557,337,1.0,3.0
zeppelin-and-co-singapore,5.0,1.0,0.46074709999999997,2043,1.0,3.0
boomarang-singapore,5.0,5.0,4.8738303,2061,1.0,1.0
boomarang-singapore,5.0,5.0,4.8826075,288,1.0,1.0
cow-palace-restaurant-and-cafe-singapore,4.0,4.0,3.9132974000000003,2043,0.0,0.0
food-for-thought-singapore,4.0,4.0,3.9616053,368,0.0,0.0
food-for-thought-singapore,4.0,4.0,3.9302607000000003,306,0.0,0.0
food-for-thought-singapore,4.0,4.0,3.9215062000000005,789,0.0,0.0
food-for-thought-singapore,4.0,4.0,3.9286769999999995,2247,0.0,0.0
food-for-thought-singapore,4.0,4.0,3.9150515,2540,0.0,0.0
the-coffee-academics-singapore,3.0,3.0,2.9743104,1412,2.0,2.0
the-coffee-academics-singapore,3.0,3.0,2.9734682999999995,1103,2.0,2.0
the-coffee-academics-singapore,3.0,3.0,2.9849074,27,2.0,2.0
365-fruit-juice-and-smoothie-singapore,4.0,4.0,3.8697152000000004,2043,0.0,0.0
the-assembly-ground-singapore,4.0,4.0,3.9053519,2494,0.0,0.0
the-assembly-ground-singapore,4.0,4.0,3.9224238,2237,0.0,0.0
the-assembly-ground-singapore,4.0,4.0,3.9442098,1915,0.0,0.0
the-assembly-ground-singapore,4.0,4.0,3.9599008999999996,1884,0.0,0.0
simply-bread-singapore-2,4.0,4.0,3.9163864,1276,0.0,0.0
simply-bread-singapore-2,4.0,4.0,3.9344294,306,0.0,0.0
simply-bread-singapore-2,4.0,4.0,3.8705057999999997,1497,0.0,0.0
simply-bread-singapore-2,4.0,4.0,3.9376354,515,0.0,0.0
the-bread-project-singapore,4.0,4.0,3.9027027999999997,2387,0.0,0.0
the-bread-project-singapore,4.0,4.0,3.857787,1634,0.0,0.0
joe-and-dough-singapore-9,3.0,3.0,2.964713,1671,2.0,2.0
all-in-singapore,5.0,5.0,4.860904,407,1.0,1.0
da-paolo-gastronomia-holland-village-singapore-2,4.0,4.0,3.9569167999999997,1788,0.0,0.0
da-paolo-gastronomia-holland-village-singapore-2,4.0,4.0,3.9272218,970,0.0,0.0
common-man-stan-singapore,5.0,5.0,4.883899700000001,2043,1.0,1.0
40-hands-singapore,4.0,4.0,3.894135,1445,0.0,0.0
40-hands-singapore,4.0,4.0,3.9048547999999994,1762,0.0,0.0
40-hands-singapore,4.0,4.0,3.9177327000000006,2237,0.0,0.0
40-hands-singapore,4.0,4.0,3.91364,18,0.0,0.0
40-hands-singapore,4.0,4.0,3.9025202000000005,450,0.0,0.0
40-hands-singapore,4.0,4.0,3.9340994,209,0.0,0.0
40-hands-singapore,4.0,4.0,3.9235949999999997,1777,0.0,0.0
charlie-brown-cafe-singapore-2,4.0,4.0,3.9645927000000003,2379,0.0,0.0
charlie-brown-cafe-singapore-2,4.0,4.0,3.9376295,2043,0.0,0.0
ibake-singapore,3.0,3.0,2.9629228,162,2.0,2.0
play-nation-singapore,5.0,5.0,4.89492,1779,1.0,1.0
greyhound-singapore,5.0,5.0,4.9018717,1825,1.0,1.0
the-cat-cafe-singapore-2,5.0,5.0,4.894425,691,1.0,1.0
sinpopo-brand-singapore,5.0,5.0,4.891929599999999,75,1.0,1.0
sinpopo-brand-singapore,5.0,5.0,4.846923,2214,1.0,1.0
jin-wee-coffee-shop-singapore,4.0,4.0,3.9151782999999996,2043,0.0,0.0
coffee-and-toast-singapore-4,3.0,3.0,2.973204,401,2.0,2.0
tianns-bakery-singapore,5.0,5.0,4.862451999999999,297,1.0,1.0
tianns-bakery-singapore,5.0,5.0,4.8776913,2043,1.0,1.0
the-larder-cafe-singapore,5.0,5.0,4.871917,91,1.0,1.0
my-awesome-cafe-singapore,5.0,5.0,4.886000599999999,1878,1.0,1.0
my-awesome-cafe-singapore,5.0,5.0,4.905289,1213,1.0,1.0
my-awesome-cafe-singapore,5.0,5.0,4.8648767,2043,1.0,1.0
ya-kun-kaya-toast-singapore-10,4.0,4.0,3.9826858,1674,0.0,0.0
ya-kun-kaya-toast-singapore-10,4.0,4.0,3.8961243999999997,1669,0.0,0.0
the-flying-squirrel-singapore,5.0,5.0,4.9060483,1092,1.0,1.0
the-flying-squirrel-singapore,5.0,5.0,4.914903,2073,1.0,1.0
botanist-singapore,5.0,5.0,4.901317,1293,1.0,1.0
botanist-singapore,5.0,5.0,4.879813700000001,2043,1.0,1.0
watanabe-coffee-singapore,4.0,4.0,3.9413402000000004,1877,0.0,0.0
tom-n-toms-coffee-singapore,3.0,3.0,2.966559,1412,2.0,2.0
tom-n-toms-coffee-singapore,3.0,3.0,2.969709,1779,2.0,2.0
tom-n-toms-coffee-singapore,3.0,3.0,2.9771311000000003,27,2.0,2.0
tom-n-toms-coffee-singapore,3.0,3.0,2.9665267,2043,2.0,2.0
mr-teh-tarik-cartel-singapore,5.0,5.0,4.970348,419,1.0,1.0
mr-teh-tarik-cartel-singapore,5.0,5.0,4.9077954,1316,1.0,1.0
dimbulah-singapore-9,4.0,4.0,3.9435116999999997,1397,0.0,0.0
characters-cafe-singapore-2,4.0,4.0,3.9258022000000006,2043,0.0,0.0
tarte-by-cheryl-koh-singapore,5.0,5.0,4.8953834,1051,1.0,1.0
chalk-farm-singapore-2,5.0,5.0,4.8832746,2479,1.0,1.0
bluemist-singapore,5.0,5.0,4.845342,2043,1.0,1.0
kagurazaka-saryo-singapore,4.0,4.0,3.923626,241,0.0,0.0
the-disgruntled-chef-singapore,4.0,4.0,3.9632692000000005,757,0.0,0.0
the-disgruntled-chef-singapore,4.0,4.0,3.9420881000000003,209,0.0,0.0
the-disgruntled-chef-singapore,4.0,4.0,3.9257915,2043,0.0,0.0
the-disgruntled-chef-singapore,4.0,4.0,3.9193141000000002,2540,0.0,0.0
dimbulah-singapore-2,4.0,4.0,3.9300811,845,0.0,0.0
dimbulah-singapore-2,4.0,4.0,3.9147375,2043,0.0,0.0
one-man-coffee-singapore-2,4.0,4.0,3.9182792,2061,0.0,0.0
the-new-black-singapore-2,5.0,5.0,4.90285,2237,1.0,1.0
manicurious-singapore,5.0,5.0,4.907832,139,1.0,1.0
manicurious-singapore,5.0,5.0,4.8797,2271,1.0,1.0
manicurious-singapore,5.0,5.0,4.859989,2043,1.0,1.0
toast-box-singapore-63,4.0,4.0,3.9056367999999995,2263,0.0,0.0
boufe-boutique-cafe-singapore,5.0,5.0,4.8706574,2494,1.0,1.0
black-barista-coffee-world-singapore,1.0,1.0,0.020193372,2043,4.0,3.0
old-hen-coffee-bar-singapore-2,4.0,4.0,3.914847,2237,0.0,0.0
sweetspot-singapore-2,5.0,5.0,4.8976326,1274,1.0,1.0
sweetspot-singapore-2,5.0,5.0,4.882907,2043,1.0,1.0
o-bean-organic-soya-store-singapore-3,4.0,4.0,3.9190593000000002,198,0.0,0.0
tcc-singapore-2,4.0,4.0,3.9492557,337,0.0,0.0
tcc-singapore-2,4.0,4.0,3.9451926,2043,0.0,0.0
raffles-city-market-place-singapore,4.0,4.0,3.9484787000000003,26,0.0,0.0
nespresso-boutique-singapore,5.0,5.0,4.886585,394,1.0,1.0
nespresso-boutique-singapore,5.0,5.0,4.8548865,980,1.0,1.0
guac-and-go-singapore,4.0,4.0,3.9345934000000002,27,0.0,0.0
three-cups-coffee-co-singapore,3.0,3.0,2.9646494,1637,2.0,2.0
mufiz-cafe-singapore-2,4.0,4.0,3.9590862,2043,0.0,0.0
candour-coffee-singapore,5.0,5.0,4.860002,2043,1.0,1.0
nam-dae-mun-singapore,5.0,5.0,4.928474400000001,1404,1.0,1.0
balmoral-bakery-singapore,5.0,5.0,4.918293,322,1.0,1.0
balmoral-bakery-singapore,5.0,5.0,4.8823614,2043,1.0,1.0
art-palates-cafe-singapore,4.0,4.0,3.9136486000000006,1897,0.0,0.0
art-palates-cafe-singapore,4.0,4.0,3.9120410000000003,2043,0.0,0.0
lau-pa-sat-singapore-2,4.0,4.0,3.9526865,2055,0.0,0.0
lau-pa-sat-singapore-2,4.0,4.0,3.9432843,16,0.0,0.0
lau-pa-sat-singapore-2,4.0,4.0,3.9709074,1199,0.0,0.0
lau-pa-sat-singapore-2,4.0,4.0,3.9044006,2294,0.0,0.0
lau-pa-sat-singapore-2,4.0,4.0,3.9874165,1386,0.0,0.0
lau-pa-sat-singapore-2,4.0,4.0,3.9857814,1419,0.0,0.0
lau-pa-sat-singapore-2,4.0,4.0,3.9571278,2493,0.0,0.0
lau-pa-sat-singapore-2,4.0,4.0,3.9459612,21,0.0,0.0
lau-pa-sat-singapore-2,4.0,4.0,3.9953290999999997,711,0.0,0.0
café-mosaic-singapore,5.0,5.0,4.8914285,2371,1.0,1.0
café-mosaic-singapore,5.0,5.0,4.873180400000001,1051,1.0,1.0
wang-café-singapore-12,3.0,3.0,2.9559702999999997,1190,2.0,2.0
creamier-singapore,5.0,5.0,4.9008400000000005,376,1.0,1.0
creamier-singapore,5.0,5.0,4.8635693,732,1.0,1.0
creamier-singapore,5.0,5.0,4.902407599999999,115,1.0,1.0
toast-box-singapore-24,4.0,4.0,3.9089572,1719,0.0,0.0
toast-box-singapore-24,4.0,4.0,3.9319642,2043,0.0,0.0
tea-tree-cafe-singapore,4.0,4.0,3.888275,2043,0.0,0.0
sun-ray-cafe-singapore,4.0,4.0,3.9247794000000003,1989,0.0,0.0
crepe-signature-singapore,4.0,4.0,3.9204817000000003,2043,0.0,0.0
tobys-estate-singapore,4.0,4.0,3.908246,442,0.0,0.0
tobys-estate-singapore,4.0,4.0,3.9446665999999997,1404,0.0,0.0
tobys-estate-singapore,4.0,4.0,3.912351,2157,0.0,0.0
tobys-estate-singapore,4.0,4.0,3.924168,2043,0.0,0.0
the-reading-room-singapore,5.0,5.0,4.863987,1412,1.0,1.0
the-reading-room-singapore,5.0,5.0,4.8638244,2043,1.0,1.0
nom-singapore,4.0,4.0,3.9379494,1136,0.0,0.0
cottontail-creamery-singapore,5.0,5.0,4.9124193,1894,1.0,1.0
pies-and-coffee-singapore-3,4.0,4.0,3.9287262000000003,115,0.0,0.0
pies-and-coffee-singapore-3,4.0,4.0,3.9167233,2043,0.0,0.0
marine-cove-singapore,4.0,4.0,3.9271302,2043,0.0,0.0
nylon-coffee-roasters-singapore,5.0,5.0,4.9235120000000006,757,1.0,1.0
nylon-coffee-roasters-singapore,5.0,5.0,4.875628,1406,1.0,1.0
nylon-coffee-roasters-singapore,5.0,5.0,4.863693,399,1.0,1.0
nylon-coffee-roasters-singapore,5.0,5.0,4.890932599999999,2350,1.0,1.0
nylon-coffee-roasters-singapore,5.0,5.0,4.8884134,2479,1.0,1.0
nylon-coffee-roasters-singapore,5.0,5.0,4.823239,2396,1.0,1.0
nylon-coffee-roasters-singapore,5.0,5.0,4.876968,2043,1.0,1.0
ya-kun-kaya-toast-singapore-9,5.0,5.0,4.867817400000001,1868,1.0,1.0
ya-kun-kaya-toast-singapore-9,5.0,5.0,4.866452,17,1.0,1.0
ya-kun-kaya-toast-singapore-9,5.0,5.0,4.854552,2548,1.0,1.0
ya-kun-kaya-toast-singapore-9,5.0,5.0,4.8463855,467,1.0,1.0
artisan-boulangerie-co-singapore,4.0,4.0,3.8957083,2026,0.0,0.0
artisan-boulangerie-co-singapore,4.0,4.0,3.9153678,2043,0.0,0.0
artisan-boulangerie-co-singapore-8,5.0,5.0,4.917686499999999,718,1.0,1.0
artisan-boulangerie-co-singapore-8,5.0,5.0,4.8789419999999994,2043,1.0,1.0
wild-honey-singapore-3,4.0,4.0,3.957563,1272,0.0,0.0
wild-honey-singapore-3,4.0,4.0,3.9372737,2187,0.0,0.0
wild-honey-singapore-3,4.0,4.0,3.9448836000000003,794,0.0,0.0
wild-honey-singapore-3,4.0,4.0,3.9515507000000003,209,0.0,0.0
wild-honey-singapore-3,4.0,4.0,3.950561,845,0.0,0.0
wild-honey-singapore-3,4.0,4.0,3.9406621,1880,0.0,0.0
wild-honey-singapore-3,4.0,4.0,3.9523322999999997,1481,0.0,0.0
toast-box-singapore-53,4.0,4.0,3.9612577000000004,374,0.0,0.0
craftsmen-specialty-coffee-singapore-3,4.0,4.0,3.9227445,2043,0.0,0.0
bobs-bar-singapore,5.0,5.0,4.7886934000000005,2083,1.0,1.0
bobs-bar-singapore,5.0,5.0,4.8796800000000005,1451,1.0,1.0
bobs-bar-singapore,5.0,5.0,4.9070597000000005,2043,1.0,1.0
a-gan-tea-singapore,4.0,4.0,3.9195325,1488,0.0,0.0
coastal-rhythm-cafe-and-bar-singapore,5.0,1.0,-0.29275307,2043,1.0,3.0
strangers-reunion-singapore,4.0,4.0,3.9604726,1845,0.0,0.0
strangers-reunion-singapore,4.0,4.0,3.9229035000000003,2237,0.0,0.0
symmetry-singapore,4.0,4.0,3.9172626000000004,1051,0.0,0.0
symmetry-singapore,4.0,4.0,3.9395553999999997,1075,0.0,0.0
symmetry-singapore,4.0,4.0,3.9020257000000007,1672,0.0,0.0
symmetry-singapore,4.0,4.0,3.8983076,41,0.0,0.0
symmetry-singapore,4.0,4.0,3.9478722,1416,0.0,0.0
symmetry-singapore,4.0,4.0,3.9272525000000003,1452,0.0,0.0
symmetry-singapore,4.0,4.0,3.922104,2043,0.0,0.0
the-coffee-bean-and-tea-leaf-singapore-24,4.0,4.0,3.9455275999999997,2371,0.0,0.0
the-dough-shoppe-singapore,4.0,4.0,3.9496705999999997,1486,0.0,0.0
kim-kee-coffee-shop-tanjong-rhu-wanton-mee-singapore,4.0,4.0,3.9213486000000004,2043,0.0,0.0
the-chocolate-bar-singapore-2,4.0,4.0,3.9390669999999997,2043,0.0,0.0
oberstrasse-singapore,5.0,5.0,4.902035,1903,1.0,1.0
kafe-utu-no-title,5.0,5.0,4.932907599999999,1967,1.0,1.0
icebox-cafe-singapore,4.0,4.0,3.9179322999999995,2043,0.0,0.0
pantler-singapore,5.0,5.0,4.901671400000001,1372,1.0,1.0
pantler-singapore,5.0,5.0,4.8954864,1559,1.0,1.0
spinelli-coffee-company-singapore,4.0,4.0,3.9294453000000003,2043,0.0,0.0
flor-patisserie-singapore,5.0,5.0,4.9061699999999995,88,1.0,1.0
flor-patisserie-singapore,5.0,5.0,4.889054,1281,1.0,1.0
flor-patisserie-singapore,5.0,5.0,4.8789997000000005,2043,1.0,1.0
santap-singapore,4.0,4.0,3.9351040999999998,2043,0.0,0.0
gelato-cottage-singapore,4.0,4.0,3.930183,1861,0.0,0.0
creamery-boutique-singapore,5.0,5.0,4.900275700000001,1475,1.0,1.0
creamery-boutique-singapore,5.0,5.0,4.8762026,23,1.0,1.0
wang-cafe-singapore-14,4.0,4.0,3.9322953000000003,1420,0.0,0.0
privé-singapore-7,4.0,4.0,3.905988,2043,0.0,0.0
freshly-baked-by-le-bijoux-singapore,5.0,5.0,4.895214599999999,809,1.0,1.0
freshly-baked-by-le-bijoux-singapore,5.0,5.0,4.884188,724,1.0,1.0
freshly-baked-by-le-bijoux-singapore,5.0,5.0,4.852416000000001,1331,1.0,1.0
toast-box-singapore-11,3.0,3.0,3.006033,2043,2.0,2.0
verdure-cafe-singapore,4.0,4.0,3.9351040999999998,2043,0.0,0.0
dc-comics-super-heroes-cafe-singapore,3.0,3.0,3.0642517000000002,391,2.0,2.0
dc-comics-super-heroes-cafe-singapore,3.0,3.0,3.0642517000000002,414,2.0,2.0
dc-comics-super-heroes-cafe-singapore,3.0,3.0,3.0057378,91,2.0,2.0
oh-deli-singapore,5.0,5.0,4.873695400000001,553,1.0,1.0
ya-kun-kaya-toast-singapore-37,5.0,5.0,4.862423000000001,2043,1.0,1.0
café-kapok-singapore,4.0,1.0,0.31408185,2043,0.0,3.0
coftea-marine-parade-market-and-food-centre-singapore,5.0,5.0,4.891126,2043,1.0,1.0
blocs-singapore,5.0,1.0,-0.19441229,2043,1.0,3.0
mr-bean-singapore-3,4.0,4.0,3.9144267999999998,2043,0.0,0.0
mellower-coffee-singapore-3,5.0,5.0,4.9015174,321,1.0,1.0
carpenter-and-cook-singapore,4.0,4.0,3.9438763,1475,0.0,0.0
carpenter-and-cook-singapore,4.0,4.0,3.9383757000000004,1274,0.0,0.0
carpenter-and-cook-singapore,4.0,4.0,3.9316742,1452,0.0,0.0
carpenter-and-cook-singapore,4.0,4.0,3.9453917,1190,0.0,0.0
cozy-corner-coffee-singapore,4.0,4.0,3.991146,1486,0.0,0.0
cozy-corner-coffee-singapore,4.0,4.0,3.994178,57,0.0,0.0
coffee-smith-singapore,4.0,4.0,3.9321487,2479,0.0,0.0
coffee-smith-singapore,4.0,4.0,3.9229589999999996,2043,0.0,0.0
crystal-jade-my-breads-singapore-2,5.0,5.0,4.891844,2043,1.0,1.0
crystal-jade-my-breads-singapore-2,5.0,5.0,4.951516000000001,685,1.0,1.0
dunkin-donuts-singapore,3.0,3.0,2.935829,2043,2.0,2.0
clinton-street-baking-company-and-restaurant-singapore,5.0,5.0,4.8753123,778,1.0,1.0
clinton-street-baking-company-and-restaurant-singapore,5.0,5.0,4.8974166,285,1.0,1.0
clinton-street-baking-company-and-restaurant-singapore,5.0,5.0,4.8708014,50,1.0,1.0
clinton-street-baking-company-and-restaurant-singapore,5.0,5.0,4.8697867,726,1.0,1.0
clinton-street-baking-company-and-restaurant-singapore,5.0,5.0,4.908056299999999,2474,1.0,1.0
clinton-street-baking-company-and-restaurant-singapore,5.0,5.0,4.7982783,1497,1.0,1.0
clinton-street-baking-company-and-restaurant-singapore,5.0,5.0,4.92479,230,1.0,1.0
clinton-street-baking-company-and-restaurant-singapore,5.0,5.0,4.8879085,1970,1.0,1.0
clinton-street-baking-company-and-restaurant-singapore,5.0,5.0,4.8497825,91,1.0,1.0
le-cafe-confectionery-and-pastry-singapore,5.0,5.0,4.905459,328,1.0,1.0
le-cafe-confectionery-and-pastry-singapore,5.0,5.0,4.899983,2377,1.0,1.0
project-açai-singapore,5.0,5.0,4.8982544,75,1.0,1.0
stray-by-fatcat-singapore,4.0,4.0,3.9343052000000003,675,0.0,0.0
stray-by-fatcat-singapore,4.0,4.0,3.9284158,2043,0.0,0.0
mother-dough-singapore,4.0,4.0,3.9764267999999996,1019,0.0,0.0
cedele-singapore-55,4.0,4.0,3.9351040999999998,2043,0.0,0.0
oriole-coffee-bar-singapore-2,4.0,4.0,3.9317667000000003,164,0.0,0.0
oriole-coffee-bar-singapore-2,4.0,4.0,3.9372814,186,0.0,0.0
oriole-coffee-bar-singapore-2,4.0,4.0,3.947,803,0.0,0.0
oriole-coffee-bar-singapore-2,4.0,4.0,3.9451551,209,0.0,0.0
oriole-coffee-bar-singapore-2,4.0,4.0,3.9268806000000005,869,0.0,0.0
oriole-coffee-bar-singapore-2,4.0,4.0,3.9469074999999996,220,0.0,0.0
oriole-coffee-bar-singapore-2,4.0,4.0,3.9340067000000003,1452,0.0,0.0
nanyang-old-coffee-singapore-6,5.0,5.0,4.8892612,2043,1.0,1.0
toast-singapore,4.0,4.0,3.9270468000000003,1989,0.0,0.0
habitat-coffee-singapore,3.0,3.0,2.9529872000000004,284,2.0,2.0
habitat-coffee-singapore,3.0,3.0,2.9489365000000003,789,2.0,2.0
fuel-plus-singapore,4.0,4.0,3.8869205,566,0.0,0.0
awesome-coffee-singapore,4.0,4.0,3.9490074999999996,843,0.0,0.0
lavender-food-hub-singapore,5.0,5.0,4.872978,789,1.0,1.0
fine-cuts-singapore,4.0,4.0,3.9268467000000005,556,0.0,0.0
joe-and-the-juice-singapore,4.0,4.0,3.9270650000000002,2043,0.0,0.0
kotobuki-coffee-singapore-2,4.0,4.0,3.9398858999999997,1075,0.0,0.0
starbucks-singapore-66,4.0,4.0,3.9501235,2371,0.0,0.0
starbucks-singapore-66,4.0,4.0,3.9405233999999996,2043,0.0,0.0
henri-charpentier-singapore-3,5.0,5.0,4.9244223,596,1.0,1.0
two-blur-guys-singapore,4.0,4.0,3.930069,1779,0.0,0.0
two-blur-guys-singapore,4.0,4.0,3.905131,1150,0.0,0.0
two-blur-guys-singapore,4.0,4.0,3.9357061,2473,0.0,0.0
two-blur-guys-singapore,4.0,4.0,3.9431045,1970,0.0,0.0
platform-1094-singapore,5.0,5.0,4.924059400000001,852,1.0,1.0
bees-knees-singapore,4.0,4.0,3.9343410000000003,306,0.0,0.0
bees-knees-singapore,4.0,4.0,3.9458116999999997,1404,0.0,0.0
asanoya-boulangerie-singapore,4.0,4.0,3.9160504,2043,0.0,0.0
jewel-coffee-at-great-world-city-singapore,4.0,4.0,3.9285544999999997,2043,0.0,0.0
muzium-cafe-singapore,5.0,1.0,0.24180262,2043,1.0,3.0
bratwurst-shop-ps-singapore,4.0,1.0,-0.34616563,2043,0.0,3.0
starbucks-singapore-177,4.0,4.0,3.9401693,1222,0.0,0.0
kith-cafe-singapore,4.0,4.0,3.9422085,445,0.0,0.0
kith-cafe-singapore,4.0,4.0,3.917568,2237,0.0,0.0
kith-cafe-singapore,4.0,4.0,3.9231718,912,0.0,0.0
kith-cafe-singapore,4.0,4.0,3.9230852,1880,0.0,0.0
kith-cafe-singapore,4.0,4.0,3.933301,2271,0.0,0.0
nam-nam-noodle-bar-downtown-core,3.0,3.0,2.9585981,1412,2.0,2.0
nam-nam-noodle-bar-downtown-core,3.0,3.0,2.958621,1991,2.0,2.0
nam-nam-noodle-bar-downtown-core,3.0,3.0,2.9716063,1293,2.0,2.0
coffee-and-toast-singapore,4.0,4.0,3.9194242999999993,2043,0.0,0.0
starbucks-singapore-26,4.0,4.0,3.9458847,2043,0.0,0.0
grapevine-cafe-bar-and-restaurant-singapore,5.0,5.0,4.9259806,2171,1.0,1.0
group-therapy-coffee-singapore,4.0,4.0,3.911226,500,0.0,0.0
group-therapy-coffee-singapore,4.0,4.0,3.9413288,2283,0.0,0.0
group-therapy-coffee-singapore,4.0,4.0,3.9434543,209,0.0,0.0
group-therapy-coffee-singapore,4.0,4.0,3.906835,1113,0.0,0.0
group-therapy-coffee-singapore,4.0,4.0,3.9427857000000004,2271,0.0,0.0
group-therapy-coffee-singapore,4.0,4.0,3.9266099999999997,970,0.0,0.0
group-therapy-coffee-singapore,4.0,4.0,3.8946676,1074,0.0,0.0
brawn-and-brains-coffee-singapore,5.0,5.0,4.8757725,789,1.0,1.0
brawn-and-brains-coffee-singapore,5.0,5.0,4.898701,57,1.0,1.0
afterwit-singapore-2,4.0,4.0,3.9300497,487,0.0,0.0
afterwit-singapore-2,4.0,4.0,3.9607434,1194,0.0,0.0
afterwit-singapore-2,4.0,4.0,3.9587092000000004,27,0.0,0.0
3838-eating-place-singapore,5.0,5.0,4.940826400000001,903,1.0,1.0
the-hangar-singapore,4.0,4.0,3.9375953999999997,2445,0.0,0.0
the-hangar-singapore,4.0,4.0,3.9257412000000005,869,0.0,0.0
the-hangar-singapore,4.0,4.0,3.9710133,1783,0.0,0.0
toast-box-singapore-51,4.0,1.0,-0.8895503,2043,0.0,3.0
mellower-coffee-singapore-188967,5.0,5.0,4.928093,287,1.0,1.0
mellower-coffee-singapore-188967,5.0,5.0,4.876477700000001,337,1.0,1.0
mellower-coffee-singapore-188967,5.0,5.0,4.8713636,2043,1.0,1.0
tiong-bahru-bakery-singapore-5,5.0,5.0,4.891592,75,1.0,1.0
little-farms-singapore,5.0,5.0,4.881703400000001,446,1.0,1.0
cedele-singapore-9,3.0,3.0,2.9776032000000003,2043,2.0,2.0
tuk-tuk-cha-singapore-2,4.0,4.0,3.9130074999999995,91,0.0,0.0
dimbulah-singapore-3,4.0,4.0,3.9212165,2043,0.0,0.0
grandmas-singapore-3,4.0,4.0,3.9228415,2248,0.0,0.0
penny-university-singapore,4.0,4.0,3.926705,789,0.0,0.0
penny-university-singapore,4.0,4.0,3.967443,1052,0.0,0.0
penny-university-singapore,4.0,4.0,3.9379876000000005,2350,0.0,0.0
penny-university-singapore,4.0,4.0,3.9516508999999997,1637,0.0,0.0
penny-university-singapore,4.0,4.0,3.9233754000000003,198,0.0,0.0
penny-university-singapore,4.0,4.0,3.9255623999999996,1989,0.0,0.0
penny-university-singapore,4.0,4.0,3.9359748,2479,0.0,0.0
penny-university-singapore,4.0,4.0,3.8560220999999997,1952,0.0,0.0
huggs-coffee-singapore-2,4.0,4.0,3.9268,2043,0.0,0.0
drury-lane-singapore,4.0,4.0,3.956182,2167,0.0,0.0
drury-lane-singapore,4.0,4.0,3.9188454,152,0.0,0.0
drury-lane-singapore,4.0,4.0,3.8906032999999995,1628,0.0,0.0
drury-lane-singapore,4.0,4.0,3.9145402999999996,2540,0.0,0.0
hood-bar-and-cafe-singapore,4.0,4.0,3.9760207999999997,861,0.0,0.0
backstage-cafe-singapore,3.0,3.0,2.9538352000000003,598,2.0,2.0
nanyang-old-coffee-singapore-3,3.0,1.0,0.10330528,1908,2.0,3.0
nanyang-old-coffee-singapore-3,3.0,1.0,0.103438266,2043,2.0,3.0
fine-palate-cafe-singapore,5.0,5.0,4.898796,394,1.0,1.0
stamping-ground-singapore,4.0,4.0,3.92196,2043,0.0,0.0
sin-hoi-sai-eating-house-singapore,4.0,4.0,3.9503455,198,0.0,0.0
sin-hoi-sai-eating-house-singapore,4.0,4.0,3.9859044999999997,431,0.0,0.0
pasarbella-singapore-2,4.0,4.0,3.9257657999999998,433,0.0,0.0
pasarbella-singapore-2,4.0,4.0,3.9178064,2146,0.0,0.0
yogart-singapore,4.0,1.0,-0.75453645,2043,0.0,3.0
patissez-singapore-2,4.0,4.0,3.948225,1022,0.0,0.0
breko-cafe-singapore,4.0,4.0,3.9242814,1568,0.0,0.0
the-coffee-bean-and-tea-leaf-beanstro-marina,3.0,3.0,2.9675205,220,2.0,2.0
beanstro-singapore,3.0,3.0,2.9947557000000002,1585,2.0,2.0
tolidos-espresso-nook-singapore-3,5.0,5.0,4.927015,2364,1.0,1.0
tolidos-espresso-nook-singapore-3,5.0,5.0,4.829008,669,1.0,1.0
tolidos-espresso-nook-singapore-3,5.0,5.0,4.8758817,2044,1.0,1.0
tolidos-espresso-nook-singapore-3,5.0,5.0,4.878614,1420,1.0,1.0
spize-singapore-2,5.0,5.0,4.8730535999999995,23,1.0,1.0
spize-singapore-2,5.0,5.0,4.9078197,1898,1.0,1.0
spize-singapore-2,5.0,5.0,4.8839707,1542,1.0,1.0
spize-singapore-2,5.0,5.0,4.9278727,2497,1.0,1.0
new-station-snack-bar-singapore,5.0,5.0,4.892746,2043,1.0,1.0
starbucks-singapore-173,4.0,4.0,3.9676397000000003,1881,0.0,0.0
pacamara-boutique-coffee-roasters-singapore,4.0,4.0,3.9313865,752,0.0,0.0
pacamara-boutique-coffee-roasters-singapore,4.0,4.0,3.8908457999999997,1757,0.0,0.0
pacamara-boutique-coffee-roasters-singapore,4.0,4.0,3.9256449,1585,0.0,0.0
pacamara-boutique-coffee-roasters-singapore,4.0,4.0,3.9175706,23,0.0,0.0
pacamara-boutique-coffee-roasters-singapore,4.0,4.0,3.9222437999999995,2068,0.0,0.0
pacamara-boutique-coffee-roasters-singapore,4.0,4.0,3.9335910000000003,27,0.0,0.0
pacamara-boutique-coffee-roasters-singapore,4.0,4.0,3.9036907999999997,1459,0.0,0.0
kith-cafe-singapore-6,5.0,5.0,4.900736,1359,1.0,1.0
hanis-singapore,4.0,4.0,3.8627300000000004,1634,0.0,0.0
lynns-cakes-and-coffee-singapore,4.0,4.0,3.9319365,2043,0.0,0.0
cocoa-colony-singapore,5.0,5.0,4.900671,96,1.0,1.0
flock-café-singapore,5.0,5.0,4.8583,500,1.0,1.0
flock-café-singapore,5.0,5.0,4.9026556,626,1.0,1.0
flock-café-singapore,5.0,5.0,4.901949,2055,1.0,1.0
flock-café-singapore,5.0,5.0,4.881707700000001,164,1.0,1.0
flock-café-singapore,5.0,5.0,4.882969,2061,1.0,1.0
flock-café-singapore,5.0,5.0,4.881407,2068,1.0,1.0
flock-café-singapore,5.0,5.0,4.880028,829,1.0,1.0
flock-café-singapore,5.0,5.0,4.8924346,2229,1.0,1.0
toast-box-singapore-49,4.0,4.0,3.9258022000000006,2043,0.0,0.0
the-coffee-bean-and-tea-leaf-singapore-29,2.0,2.0,2.0062651999999996,2043,3.0,4.0
eat-play-love-singapore-2,3.0,3.0,2.976259,2044,2.0,2.0
ollella-singapore-2,4.0,4.0,3.9222038,2043,0.0,0.0
suzette-singapore,4.0,4.0,3.9351040999999998,2043,0.0,0.0
two-bakers-cafe-singapore,5.0,5.0,4.8771567000000005,1570,1.0,1.0
two-bakers-cafe-singapore,5.0,5.0,4.891139,957,1.0,1.0
old-tea-hut-singapore-2,4.0,4.0,3.9157786,746,0.0,0.0
knots-cafe-and-living-singapore,5.0,5.0,4.8598742,1126,1.0,1.0
mix-box-cafe-singapore,5.0,5.0,4.9359593,899,1.0,1.0
dr-cafe-coffee-singapore-5,4.0,4.0,3.9061086000000005,2043,0.0,0.0
the-coffee-nations-singapore,3.0,3.0,2.9540197999999998,209,2.0,2.0
the-marmalade-pantry-singapore-4,4.0,4.0,3.909893,91,0.0,0.0
the-marmalade-pantry-singapore-4,4.0,4.0,3.9234502,2043,0.0,0.0
le-kue-singapore,5.0,5.0,4.863907,1924,1.0,1.0
oromo-coffee-singapore,5.0,5.0,4.9294605,2472,1.0,1.0
tcc-the-connoisseur-concerto-singapore-9,4.0,4.0,3.9162672,2043,0.0,0.0
ya-kun-kaya-toast-singapore-22,4.0,4.0,4.0133505,139,0.0,0.0
ya-kun-kaya-toast-singapore-22,4.0,4.0,3.9778788,502,0.0,0.0
ps-cafe-singapore-11,3.0,3.0,2.9579644,2043,2.0,2.0
chopsuey-cafe-singapore-2,4.0,4.0,3.9531407,322,0.0,0.0
chopsuey-cafe-singapore-2,4.0,4.0,3.917751,2540,0.0,0.0
tuckshop-singapore,4.0,4.0,3.8879712,566,0.0,0.0
two-men-bagel-house-singapore,5.0,5.0,4.8685584,178,1.0,1.0
two-men-bagel-house-singapore,5.0,5.0,4.872115,128,1.0,1.0
two-men-bagel-house-singapore,5.0,5.0,4.923060400000001,697,1.0,1.0
two-men-bagel-house-singapore,5.0,5.0,4.8450537,568,1.0,1.0
two-men-bagel-house-singapore,5.0,5.0,4.9211545,1052,1.0,1.0
two-men-bagel-house-singapore,5.0,5.0,4.8949065,1877,1.0,1.0
two-men-bagel-house-singapore,5.0,5.0,4.849517,446,1.0,1.0
two-men-bagel-house-singapore,5.0,5.0,4.875605999999999,2061,1.0,1.0
two-men-bagel-house-singapore,5.0,5.0,4.919132,1967,1.0,1.0
two-men-bagel-house-singapore,5.0,5.0,4.8777766,1985,1.0,1.0
two-men-bagel-house-singapore,5.0,5.0,4.8345237,755,1.0,1.0
two-men-bagel-house-singapore,5.0,5.0,4.909915,1507,1.0,1.0
two-men-bagel-house-singapore,5.0,5.0,4.88816,27,1.0,1.0
two-men-bagel-house-singapore,5.0,5.0,4.883971,2218,1.0,1.0
two-men-bagel-house-singapore,5.0,5.0,4.870722,2043,1.0,1.0
the-coconut-club-singapore,5.0,5.0,4.865047,1051,1.0,1.0
the-coconut-club-singapore,5.0,5.0,4.8841996,1559,1.0,1.0
the-coconut-club-singapore,5.0,5.0,4.865923400000001,309,1.0,1.0
the-coconut-club-singapore,5.0,5.0,4.832808,1756,1.0,1.0
crossroads-café-singapore-2,4.0,4.0,3.9690182000000003,445,0.0,0.0
crossroads-café-singapore-2,4.0,4.0,3.9458396000000002,829,0.0,0.0
tiong-bahru-bakery-singapore-4,5.0,5.0,4.8496804000000004,1445,1.0,1.0
tiong-bahru-bakery-singapore-4,5.0,5.0,4.739666000000001,1431,1.0,1.0
tiong-bahru-bakery-singapore-4,5.0,5.0,4.877699,1989,1.0,1.0
tiong-bahru-bakery-singapore-4,5.0,5.0,4.8658705,1902,1.0,1.0
tiong-bahru-bakery-singapore-4,5.0,5.0,4.898264,845,1.0,1.0
tiong-bahru-bakery-singapore-4,5.0,5.0,4.8888593,1861,1.0,1.0
tiong-bahru-bakery-singapore-4,5.0,5.0,4.885954,1880,1.0,1.0
tiong-bahru-bakery-singapore-4,5.0,5.0,4.8829484,185,1.0,1.0
tiong-bahru-bakery-singapore-4,5.0,5.0,4.886704,1602,1.0,1.0
tiong-bahru-bakery-singapore-4,5.0,5.0,4.869459,261,1.0,1.0
tiong-bahru-bakery-singapore-4,5.0,5.0,4.855908400000001,103,1.0,1.0
tiong-bahru-bakery-singapore-4,5.0,5.0,4.8941894,973,1.0,1.0
tiong-bahru-bakery-singapore-4,5.0,5.0,4.879688,939,1.0,1.0
jewel-coffee-singapore-8,5.0,5.0,4.875457,2237,1.0,1.0
l-atelier-tiramisu-singapore,5.0,5.0,4.818785,908,1.0,1.0
l-atelier-tiramisu-singapore,5.0,5.0,4.8974752,2043,1.0,1.0
regroup-singapore,4.0,4.0,3.9304422999999997,306,0.0,0.0
asian-market-cafe-singapore,5.0,5.0,4.898048,306,1.0,1.0
jewel-coffee-singapore-3,5.0,5.0,4.859329,2415,1.0,1.0
jewel-coffee-singapore-3,5.0,5.0,4.895393,2466,1.0,1.0
moca-cafe-singapore-2,4.0,1.0,-0.558709,2043,0.0,3.0
toms-palette-singapore,5.0,5.0,4.898108000000001,1396,1.0,1.0
toms-palette-singapore,5.0,5.0,4.9400059999999995,461,1.0,1.0
toms-palette-singapore,5.0,5.0,4.9138535999999995,57,1.0,1.0
toms-palette-singapore,5.0,5.0,4.8794746,1266,1.0,1.0
toms-palette-singapore,5.0,5.0,4.9083815,27,1.0,1.0
toms-palette-singapore,5.0,5.0,4.890712000000001,1882,1.0,1.0
ps-cafe-singapore-7,5.0,5.0,4.904175,1486,1.0,1.0
ps-cafe-singapore-7,5.0,5.0,4.916885400000001,1527,1.0,1.0
ps-cafe-singapore-7,5.0,5.0,4.9145675,1926,1.0,1.0
patisserie-g-singapore,4.0,4.0,3.9177623,18,0.0,0.0
patisserie-g-singapore,4.0,4.0,3.9403183,57,0.0,0.0
patisserie-g-singapore,4.0,4.0,3.9463046000000004,2159,0.0,0.0
patisserie-g-singapore,4.0,4.0,3.9276302000000003,880,0.0,0.0
jewel-coffee-singapore-13,5.0,5.0,4.88985,2043,1.0,1.0
the-affogato-lounge-singapore,4.0,4.0,3.9316508999999997,2479,0.0,0.0
wild-honey-singapore,4.0,4.0,3.9457674,1123,0.0,0.0
wild-honey-singapore,4.0,4.0,3.9078263999999994,2064,0.0,0.0
wild-honey-singapore,4.0,4.0,3.9091074,1244,0.0,0.0
wild-honey-singapore,4.0,4.0,3.9302666,2237,0.0,0.0
wild-honey-singapore,4.0,4.0,3.9537525000000002,2493,0.0,0.0
wild-honey-singapore,4.0,4.0,3.9599447,482,0.0,0.0
vanilla-bar-and-café-singapore-2,4.0,4.0,3.9202976,581,0.0,0.0
vanilla-bar-and-café-singapore-2,4.0,4.0,3.9433622,1839,0.0,0.0
mellower-coffee-singapore,5.0,1.0,-0.85656184,2466,1.0,3.0
mellower-coffee-singapore,5.0,1.0,-0.8556252000000001,2043,1.0,3.0
o-coffee-club-singapore-10,3.0,3.0,3.0016152999999997,2043,2.0,2.0
bar-bar-black-sheep-no-title,5.0,5.0,4.835478,898,1.0,1.0
bar-bar-black-sheep-no-title,5.0,5.0,4.862984,1777,1.0,1.0
baristart-coffee-singapore-no-title-3,5.0,5.0,4.916064700000001,1668,1.0,1.0
ke-kou-duck-singapore,4.0,4.0,3.9269089999999998,2262,0.0,0.0
asanoya-singapore,4.0,4.0,3.9639897000000004,2205,0.0,0.0
asanoya-singapore,4.0,4.0,3.9370537000000003,306,0.0,0.0
krispy-kreme-singapore-2,3.0,3.0,2.9339101000000003,2043,2.0,2.0
the-tiny-roaster-120106,5.0,5.0,4.935521,843,1.0,1.0
the-tiny-roaster-120106,5.0,5.0,4.9408959999999995,614,1.0,1.0
the-tiny-roaster-120106,5.0,5.0,4.8927794,2237,1.0,1.0
jewel-coffee-singapore-7,4.0,4.0,3.9279767999999997,225,0.0,0.0
tiong-bahru-bakery-singapore-3,4.0,4.0,3.8891459999999998,832,0.0,0.0
tiong-bahru-bakery-singapore-3,4.0,4.0,3.9439647000000004,2141,0.0,0.0
tiong-bahru-bakery-singapore-3,4.0,4.0,3.9221864,18,0.0,0.0
tiong-bahru-bakery-singapore-3,4.0,4.0,3.9379816,1833,0.0,0.0
tiong-bahru-bakery-singapore-3,4.0,4.0,3.929807,1421,0.0,0.0
cocoa-colony-singapore-3,3.0,3.0,2.9626113999999997,1343,2.0,2.0
patties-and-wiches-singapore,1.0,1.0,0.9829127000000001,2479,4.0,3.0
revelry-singapore,5.0,5.0,4.8453074,1110,1.0,1.0
escape-restaurant-and-lounge-singapore,4.0,4.0,3.9062726000000003,1422,0.0,0.0
escape-restaurant-and-lounge-singapore,4.0,4.0,3.9351040999999998,2043,0.0,0.0
hoshino-coffee-singapore,4.0,4.0,3.9348730000000005,675,0.0,0.0
hoshino-coffee-singapore,4.0,4.0,3.9350379999999996,1602,0.0,0.0
rise-and-grind-coffee-co-bukit-timah,4.0,4.0,3.9500477,1639,0.0,0.0
toast-box-singapore-18,5.0,5.0,4.898725499999999,1868,1.0,1.0
butter-studio-singapore-2,4.0,4.0,3.9138783999999998,2043,0.0,0.0
momo-cafe-singapore,5.0,5.0,4.884052,2043,1.0,1.0
toast-box-singapore-23,4.0,1.0,0.15780406,2043,0.0,3.0
okada-coffee-singapore,5.0,5.0,4.895925,152,1.0,1.0
mr-malabar-cafe-singapore,5.0,5.0,4.8269,2043,1.0,1.0
o-parl-cafe-singapore,2.0,2.0,2.018467,2043,3.0,4.0
grain-traders-singapore,5.0,5.0,4.880223,284,1.0,1.0
grain-traders-singapore,5.0,5.0,4.8804669999999994,225,1.0,1.0
grain-traders-singapore,5.0,5.0,4.854729,2137,1.0,1.0
smor-singapore,5.0,5.0,4.899055000000001,1028,1.0,1.0
smor-singapore,5.0,5.0,4.8740687000000005,1359,1.0,1.0
smor-singapore,5.0,5.0,4.8639507,2043,1.0,1.0
coffee-bandits-singapore,4.0,4.0,3.9350123,665,0.0,0.0
spinelli-coffee-company-singapore-3,3.0,3.0,2.9377362999999996,2043,2.0,2.0
baker-and-cook-singapore,5.0,5.0,4.858117,2387,1.0,1.0
baker-and-cook-singapore,5.0,5.0,4.8885326,671,1.0,1.0
baker-and-cook-singapore,5.0,5.0,4.8886156,1602,1.0,1.0
baker-and-cook-singapore,5.0,5.0,4.907495,1022,1.0,1.0
baker-and-cook-singapore,5.0,5.0,4.881101,2043,1.0,1.0
the-daily-cut-singapore-3,5.0,5.0,4.8707724,225,1.0,1.0
the-daily-cut-singapore-3,5.0,5.0,4.8636413,2043,1.0,1.0
dal-komm-coffee-singapore,4.0,4.0,3.9096398,91,0.0,0.0
dal-komm-coffee-singapore,4.0,4.0,3.9231946000000004,2043,0.0,0.0
fun-toast-singapore,5.0,5.0,4.893515,1868,1.0,1.0
fun-toast-singapore,5.0,5.0,4.848278,2292,1.0,1.0
killiney-kopitiam-singapore-11,5.0,5.0,4.8493322999999995,1214,1.0,1.0
caffe-vergnano-1882-singapore-3,3.0,3.0,2.9565701,700,2.0,2.0
caffe-vergnano-1882-singapore-3,3.0,3.0,2.969811,1585,2.0,2.0
jonkers-nyonya-deli-singapore,4.0,4.0,3.9175704,1051,0.0,0.0
wimbly-lu-chocolate-cafe-company-singapore,4.0,4.0,3.8616903,440,0.0,0.0
wimbly-lu-chocolate-cafe-company-singapore,4.0,4.0,3.9018006,1781,0.0,0.0
wimbly-lu-chocolate-cafe-company-singapore,4.0,4.0,3.9116684999999998,2540,0.0,0.0
strangers-at-work-singapore,5.0,5.0,4.88311,2043,1.0,1.0
kopi-roti-nasi-lemak-house-singapore,3.0,3.0,2.957935,2043,2.0,2.0
forty-hands-east-coast-singapore,5.0,5.0,4.878953500000001,2043,1.0,1.0
ps-cafe-singapore-8,4.0,4.0,3.9289483999999995,728,0.0,0.0
ps-cafe-singapore-8,4.0,4.0,3.9387160000000003,132,0.0,0.0
ps-cafe-singapore-8,4.0,4.0,3.9103377,1530,0.0,0.0
ps-cafe-singapore-8,4.0,4.0,3.9125339999999995,1625,0.0,0.0
ps-cafe-singapore-8,4.0,4.0,3.9412682,2268,0.0,0.0
ps-cafe-singapore-8,4.0,4.0,3.9420953,488,0.0,0.0
ps-cafe-singapore-8,4.0,4.0,3.907956,1351,0.0,0.0
ps-cafe-singapore-8,4.0,4.0,3.9662553999999997,820,0.0,0.0
ps-cafe-singapore-8,4.0,4.0,3.9044785,1130,0.0,0.0
plain-vanilla-bakery-singapore-2,5.0,5.0,4.8797817000000006,2237,1.0,1.0
plain-vanilla-bakery-singapore-2,5.0,5.0,4.925621499999999,1546,1.0,1.0
plain-vanilla-bakery-singapore-2,5.0,5.0,4.854629,1113,1.0,1.0
plain-vanilla-bakery-singapore-2,5.0,5.0,4.912008,1416,1.0,1.0
plain-vanilla-bakery-singapore-2,5.0,5.0,4.9247440000000005,904,1.0,1.0
gudetama-cafe-singapore,5.0,5.0,4.938929,1601,1.0,1.0
gudetama-cafe-singapore,5.0,5.0,4.890763300000001,2043,1.0,1.0
rive-gauche-patisserie-singapore,4.0,4.0,3.8462415,770,0.0,0.0
tiong-bahru-bakery-singapore,4.0,4.0,3.9071364,1126,0.0,0.0
tiong-bahru-bakery-singapore,4.0,4.0,3.9607352999999996,1903,0.0,0.0
tiong-bahru-bakery-singapore,4.0,4.0,3.9487329,328,0.0,0.0
tiong-bahru-bakery-singapore,4.0,4.0,3.9404464,1136,0.0,0.0
tiong-bahru-bakery-singapore,4.0,4.0,3.9195318,2248,0.0,0.0
katong-yong-tau-foo-singapore,4.0,4.0,3.9318,2043,0.0,0.0
o-coffee-club-singapore-8,4.0,4.0,3.9439156000000004,2043,0.0,0.0
privé-clarke-quay-singapore,5.0,5.0,4.8791356,1553,1.0,1.0
shrove-tuesday-singapore,4.0,4.0,3.9282652999999996,2043,0.0,0.0
killiney-kopitiam-newton-singapore,4.0,4.0,3.963513,2043,0.0,0.0
flagwhite-singapore,4.0,4.0,3.9316154,863,0.0,0.0
the-lokal-singapore,5.0,5.0,4.901983,1894,1.0,1.0
the-lokal-singapore,5.0,5.0,4.90741,1639,1.0,1.0
the-lokal-singapore,5.0,5.0,4.8631296,91,1.0,1.0
the-lokal-singapore,5.0,5.0,4.8865523,2058,1.0,1.0
starbucks-coffee-singapore-13,3.0,3.0,2.9546144,1567,2.0,2.0
yogiyo-korean-chicken-singapore,4.0,4.0,3.9019072,2043,0.0,0.0
starbucks-singapore-118,4.0,4.0,3.8879712,566,0.0,0.0
sg-rainbow-cafe-singapore,3.0,3.0,2.9451816,2262,2.0,2.0
d-good-cafe-singapore,4.0,4.0,3.953325,665,0.0,0.0
d-good-cafe-singapore,4.0,4.0,3.9121658999999998,1458,0.0,0.0
d-good-cafe-singapore,4.0,4.0,3.9361427000000004,1412,0.0,0.0
d-good-cafe-singapore,4.0,4.0,3.9445355,186,0.0,0.0
d-good-cafe-singapore,4.0,4.0,3.9341303999999995,869,0.0,0.0
d-good-cafe-singapore,4.0,4.0,3.9393407999999996,2097,0.0,0.0
d-good-cafe-singapore,4.0,4.0,3.928949,1555,0.0,0.0
ellenborough-market-café-singapore,4.0,4.0,3.9816027000000003,1419,0.0,0.0
cafe-salivation-singapore,5.0,5.0,4.9630327,1796,1.0,1.0
cafe-salivation-singapore,5.0,5.0,4.796705,2002,1.0,1.0
pasarbella-singapore,4.0,4.0,3.9311464,1991,0.0,0.0
pasarbella-singapore,4.0,4.0,3.9430629999999995,515,0.0,0.0
pasarbella-singapore,4.0,4.0,3.9652589999999996,1786,0.0,0.0
coffee-hut-singapore,4.0,4.0,3.9317558,241,0.0,0.0
the-coffee-academics-singapore-3,4.0,4.0,3.9809186000000003,2492,0.0,0.0
joe-and-dough-singapore-6,4.0,4.0,3.9203663,2061,0.0,0.0
joe-and-dough-singapore-6,4.0,4.0,3.9029019999999996,91,0.0,0.0
duke-bakery-singapore,4.0,4.0,3.9582406999999997,820,0.0,0.0
duke-bakery-singapore,4.0,4.0,3.9318616000000004,1343,0.0,0.0
duke-bakery-singapore,4.0,4.0,3.9344692,115,0.0,0.0
round-8-singapore,4.0,4.0,3.9265192000000004,1316,0.0,0.0
round-8-singapore,4.0,4.0,3.91679,2043,0.0,0.0
the-bravery-cafe-singapore,5.0,5.0,4.8780704,1412,1.0,1.0
the-bravery-cafe-singapore,5.0,5.0,4.9089317,1637,1.0,1.0
kitchen-by-food-rebel-singapore,4.0,4.0,3.9442574999999995,1293,0.0,0.0
starbucks-singapore-63,4.0,4.0,3.9260747000000005,2043,0.0,0.0
jimmy-monkey-cafe-and-bar-singapore,4.0,4.0,3.9238671999999997,128,0.0,0.0
jimmy-monkey-cafe-and-bar-singapore,4.0,4.0,3.9155986000000005,1555,0.0,0.0
da-paolo-gastronomia-bukit-timah-bukit-timah,4.0,4.0,3.9316199999999997,241,0.0,0.0
da-paolo-gastronomia-bukit-timah-bukit-timah,4.0,4.0,3.7211741999999997,976,0.0,0.0
long-black-cafe-singapore,4.0,4.0,3.9299800000000005,675,0.0,0.0
professor-brawn-cafe-singapore,4.0,4.0,3.9209699999999996,2061,0.0,0.0
professor-brawn-cafe-singapore,4.0,4.0,3.9202647000000006,2097,0.0,0.0
volks-cafe-singapore,4.0,4.0,3.9529443,2043,0.0,0.0
starbucks-singapore-100,4.0,4.0,3.917168,1276,0.0,0.0
starbucks-singapore-100,4.0,4.0,3.862964,1634,0.0,0.0
starbucks-singapore-100,4.0,4.0,3.9436781,1100,0.0,0.0
starbucks-singapore-100,4.0,4.0,3.9322174,1777,0.0,0.0
collective-brewers-singapore,5.0,5.0,4.8821297,700,1.0,1.0
collective-brewers-singapore,5.0,5.0,4.896100499999999,2237,1.0,1.0
crossings-cafe-singapore,5.0,5.0,4.888676599999999,467,1.0,1.0
crossings-cafe-singapore,5.0,5.0,4.9050139999999995,27,1.0,1.0
laurent-bernard-chocolatier-singapore,5.0,5.0,4.869221,256,1.0,1.0
laurent-bernard-chocolatier-singapore,5.0,5.0,4.846842,281,1.0,1.0
laurent-bernard-chocolatier-singapore,5.0,5.0,4.937058400000001,401,1.0,1.0
laurent-bernard-chocolatier-singapore,5.0,5.0,4.8885502999999995,1421,1.0,1.0
frankies-peanut-pancake-singapore,5.0,5.0,4.903843,2043,1.0,1.0
twg-tea-singapore-3,5.0,5.0,4.857303,312,1.0,1.0
twg-tea-singapore-3,5.0,5.0,4.895649,612,1.0,1.0
twg-tea-singapore-3,5.0,5.0,4.9163632,1926,1.0,1.0
twg-tea-singapore-3,5.0,5.0,4.886779,2043,1.0,1.0
twg-tea-singapore-3,5.0,5.0,4.9133434000000005,5,1.0,1.0
maison-kayser-singapore,5.0,5.0,4.886932,724,1.0,1.0
maison-kayser-singapore,5.0,5.0,4.8900437000000005,970,1.0,1.0
meomi-cat-cafe-singapore,5.0,5.0,4.9303436,917,1.0,1.0
mob-cafe-singapore,5.0,5.0,4.8329396,1807,1.0,1.0
avenue-cafe-singapore,3.0,3.0,2.9583352,1397,2.0,2.0
avenue-cafe-singapore,3.0,3.0,2.9388838,9,2.0,2.0
joe-and-dough-singapore-4,4.0,4.0,3.9641626000000003,903,0.0,0.0
kith-cafe-singapore-4,4.0,4.0,4.013483,614,0.0,0.0
kith-cafe-singapore-4,4.0,4.0,3.9923387000000004,1222,0.0,0.0
kith-cafe-singapore-4,4.0,4.0,3.974632,2043,0.0,0.0
bread-and-hearth-singapore,5.0,5.0,4.866482700000001,2043,1.0,1.0
tian-fu-tea-room-singapore,4.0,4.0,3.9349837,186,0.0,0.0
the-cup-rice-and-noodle-singapore,5.0,5.0,4.644340000000001,976,1.0,1.0
the-cup-rice-and-noodle-singapore,5.0,5.0,4.9052370000000005,2043,1.0,1.0
laaf-singapore,5.0,1.0,-0.7649635,2043,1.0,3.0
the-populus-coffee-and-food-co-singapore,5.0,5.0,4.9247656,1818,1.0,1.0
the-populus-coffee-and-food-co-singapore,5.0,5.0,4.911653,1788,1.0,1.0
the-populus-coffee-and-food-co-singapore,5.0,5.0,4.885979,186,1.0,1.0
courtyard-cafe-and-lounge-singapore,3.0,3.0,2.9316926,91,2.0,2.0
183-rojak-singapore,4.0,4.0,3.9134017999999995,367,0.0,0.0
183-rojak-singapore,4.0,4.0,3.9144267999999998,2043,0.0,0.0
sheng-chen-fried-kway-teow-singapore,5.0,5.0,4.903239,2043,1.0,1.0
white-rose-cafe-singapore,4.0,4.0,3.9474301,702,0.0,0.0
open-farm-community-singapore,5.0,5.0,4.881281400000001,728,1.0,1.0
open-farm-community-singapore,5.0,5.0,4.8604693,964,1.0,1.0
joe-and-dough-singapore-5,4.0,4.0,3.9431422,1593,0.0,0.0
jewel-coffee-singapore-6,5.0,5.0,4.897386599999999,75,1.0,1.0
jewel-coffee-singapore-6,5.0,5.0,4.8824615,2043,1.0,1.0
the-tastemaker-store-singapore,3.0,3.0,2.9537098,1051,2.0,2.0
1983-a-taste-of-nanyang-singapore-2,4.0,4.0,3.9269550000000004,532,0.0,0.0
brunetti-singapore,5.0,5.0,4.886794999999999,1406,1.0,1.0
cedele-singapore-4,4.0,4.0,3.9383739999999996,665,0.0,0.0
cedele-singapore-4,4.0,4.0,3.9405556000000006,713,0.0,0.0
cedele-singapore-4,4.0,4.0,3.9213912000000004,886,0.0,0.0
cedele-singapore-4,4.0,4.0,3.9327087,488,0.0,0.0
chocolat-n-spice-singapore-2,4.0,4.0,3.9341567000000004,604,0.0,0.0
dean-and-deluca-singapore-4,4.0,4.0,3.9344826,2043,0.0,0.0
the-royals-cafe-singapore,5.0,5.0,4.922981299999999,1637,1.0,1.0
the-royals-cafe-singapore,5.0,5.0,4.9145389999999995,220,1.0,1.0
the-royals-cafe-singapore,5.0,5.0,4.892039,2043,1.0,1.0
the-providore-singapore-3,4.0,4.0,3.9251115,2043,0.0,0.0
open-book-cafe-singapore,4.0,4.0,3.9504205999999997,1100,0.0,0.0
the-food-barn-singapore,5.0,5.0,4.9030185,2043,1.0,1.0
the-coffee-bean-and-tea-leaf-singapore-64,4.0,4.0,3.9225657,2043,0.0,0.0
o-coffee-club-singapore-12,3.0,3.0,3.0766993,2043,2.0,2.0
jones-the-grocer-singapore-3,4.0,4.0,3.9388449999999997,1577,0.0,0.0
jones-the-grocer-singapore-3,4.0,4.0,3.9361284,186,0.0,0.0
jones-the-grocer-singapore-3,4.0,4.0,3.9322800000000004,2262,0.0,0.0
jones-the-grocer-singapore-3,4.0,4.0,3.9243135000000002,198,0.0,0.0
riders-cafe-singapore,4.0,4.0,3.9272062999999995,1542,0.0,0.0
lolas-cafe-singapore,4.0,4.0,3.9613426,36,0.0,0.0
lolas-cafe-singapore,4.0,4.0,3.9329013999999995,186,0.0,0.0
lolas-cafe-singapore,4.0,4.0,3.9224634,23,0.0,0.0
lolas-cafe-singapore,4.0,4.0,3.9405087999999995,1194,0.0,0.0
lolas-cafe-singapore,4.0,4.0,3.9004529999999997,1066,0.0,0.0
lolas-cafe-singapore,4.0,4.0,3.9201295,309,0.0,0.0
plain-vanilla-bakery-singapore-3,3.0,3.0,2.9537970000000002,284,2.0,2.0
meidi-ya-singapore-2,5.0,5.0,4.8582835,1850,1.0,1.0
meidi-ya-singapore-2,5.0,5.0,4.9246354000000006,107,1.0,1.0
meidi-ya-singapore-2,5.0,5.0,4.915978400000001,1026,1.0,1.0
meidi-ya-singapore-2,5.0,5.0,4.901881700000001,2350,1.0,1.0
meidi-ya-singapore-2,5.0,5.0,4.9014573,1057,1.0,1.0
meidi-ya-singapore-2,5.0,5.0,4.9268503,1352,1.0,1.0
meidi-ya-singapore-2,5.0,5.0,4.8878846,2043,1.0,1.0
bundt-by-the-backyard-bakers-singapore,5.0,5.0,4.886669599999999,1667,1.0,1.0
graffiti-cafe-singapore-2,3.0,3.0,2.940928,1989,2.0,2.0
stamping-ground-singapore-2,4.0,4.0,3.912235,1599,0.0,0.0
stamping-ground-singapore-2,4.0,4.0,3.936964,2043,0.0,0.0
westin-lobby-lounge-singapore,5.0,5.0,4.9019933,2543,1.0,1.0
westin-lobby-lounge-singapore,5.0,5.0,4.900849,2043,1.0,1.0
yahava-koffeeworks-singapore,5.0,5.0,4.9113945999999995,57,1.0,1.0
dulcet-and-studio-singapore,4.0,4.0,3.9280803,2350,0.0,0.0
dulcet-and-studio-singapore,4.0,4.0,3.9455204,302,0.0,0.0
dulcet-and-studio-singapore,4.0,4.0,3.9168737,2043,0.0,0.0
the-milky-way-singapore,4.0,4.0,3.9373167000000002,1075,0.0,0.0
the-milky-way-singapore,4.0,4.0,3.9231152999999996,2097,0.0,0.0
curry-leaf-singapore,4.0,4.0,3.9175704,1051,0.0,0.0
da-paolo-gastronomia-raffles-city-singapore,4.0,4.0,3.9100926,561,0.0,0.0
starbucks-singapore-89,5.0,5.0,4.870632,2043,1.0,1.0
ta-ke-cafe-singapore,3.0,3.0,2.9569926,26,2.0,2.0
ya-kun-kaya-toast-singapore-13,4.0,4.0,3.9418032,635,0.0,0.0
gram-singapore-2,5.0,5.0,4.906460299999999,1222,1.0,1.0
wheelers-yard-singapore,5.0,5.0,4.8543905999999994,1663,1.0,1.0
wheelers-yard-singapore,5.0,5.0,4.8882904,2061,1.0,1.0
wheelers-yard-singapore,5.0,5.0,4.874771,553,1.0,1.0
wheelers-yard-singapore,5.0,5.0,4.861994999999999,1493,1.0,1.0
wheelers-yard-singapore,5.0,5.0,4.917670200000001,861,1.0,1.0
wheelers-yard-singapore,5.0,5.0,4.8614334999999995,1120,1.0,1.0
ladurée-singapore,4.0,4.0,3.9062602999999996,14,0.0,0.0
ladurée-singapore,4.0,4.0,3.9578660000000006,1788,0.0,0.0
ladurée-singapore,4.0,4.0,3.924948,1428,0.0,0.0
d-good-cafe-singapore-3,5.0,5.0,4.9350343,665,1.0,1.0
d-good-cafe-singapore-3,5.0,5.0,4.913443,2043,1.0,1.0
fudebar-dine-at-stevens-singapore,5.0,1.0,-0.78300804,2043,1.0,3.0
highlander-coffee-singapore,5.0,5.0,4.8991294000000005,105,1.0,1.0
pacific-coffee-singapore-4,4.0,4.0,3.9139513999999997,2043,0.0,0.0
tai-cheong-bakery-singapore-2,5.0,5.0,4.873067,2043,1.0,1.0
tian-kee-and-co-singapore-2,3.0,3.0,2.9416504,2043,2.0,2.0
black-and-ink-no-title,5.0,5.0,4.8956290000000005,27,1.0,1.0
froth-singapore,4.0,4.0,3.8957143,1113,0.0,0.0
starbucks-singapore-121,5.0,5.0,4.89731,2043,1.0,1.0
keong-saik-bakery-singapore,4.0,4.0,3.9467567999999997,2331,0.0,0.0
keong-saik-bakery-singapore,4.0,4.0,3.9040084000000004,91,0.0,0.0
rich-and-good-cake-shop-singapore,5.0,5.0,4.894088,809,1.0,1.0
rich-and-good-cake-shop-singapore,5.0,5.0,4.866524,898,1.0,1.0
rich-and-good-cake-shop-singapore,5.0,5.0,4.9003487,1057,1.0,1.0
rich-and-good-cake-shop-singapore,5.0,5.0,4.8985615,1343,1.0,1.0
the-autobus-singapore,4.0,4.0,3.8952665,2043,0.0,0.0
ps-cafe-petit-singapore,4.0,4.0,3.9388617999999993,1733,0.0,0.0
ps-cafe-petit-singapore,4.0,4.0,3.9534637999999998,140,0.0,0.0
ps-cafe-petit-singapore,4.0,4.0,3.9256446000000005,900,0.0,0.0
ps-cafe-petit-singapore,4.0,4.0,3.8910556000000005,240,0.0,0.0
ps-cafe-petit-singapore,4.0,4.0,3.9208155,970,0.0,0.0
scoop-of-art-singapore,4.0,4.0,3.930183,1861,0.0,0.0
barcook-bakery-singapore-8,3.0,3.0,2.9607775000000003,2043,2.0,2.0
chye-seng-huat-hardware-singapore,5.0,5.0,4.8550525,2013,1.0,1.0
chye-seng-huat-hardware-singapore,5.0,5.0,4.9294205,2019,1.0,1.0
chye-seng-huat-hardware-singapore,5.0,5.0,4.903353,328,1.0,1.0
chye-seng-huat-hardware-singapore,5.0,5.0,4.896770500000001,2350,1.0,1.0
chye-seng-huat-hardware-singapore,5.0,5.0,4.8826410000000005,2237,1.0,1.0
chye-seng-huat-hardware-singapore,5.0,5.0,4.903054,209,1.0,1.0
chye-seng-huat-hardware-singapore,5.0,5.0,4.880180999999999,407,1.0,1.0
chye-seng-huat-hardware-singapore,5.0,5.0,4.922083,428,1.0,1.0
sunday-folks-singapore,5.0,5.0,4.901888400000001,1075,1.0,1.0
sunday-folks-singapore,5.0,5.0,4.8897557,2044,1.0,1.0
sunday-folks-singapore,5.0,5.0,4.8912379999999995,122,1.0,1.0
sunday-folks-singapore,5.0,5.0,4.8867389999999995,2058,1.0,1.0
killiney-kopitiam-singapore-6,5.0,5.0,4.8510303,2043,1.0,1.0
the-coffee-bean-and-tea-leaf-singapore-54,3.0,1.0,0.26767725,864,2.0,3.0
the-coffee-bean-and-tea-leaf-singapore-54,3.0,1.0,0.26616028,1636,2.0,3.0
the-coffee-bean-and-tea-leaf-singapore-54,3.0,1.0,0.26919413,2043,2.0,3.0
吃-western-singapore,4.0,4.0,3.9269089999999998,2262,0.0,0.0
percolate-singapore,5.0,5.0,4.85652,1599,1.0,1.0
arteastiq-singapore,4.0,4.0,3.9179552,1412,0.0,0.0
arteastiq-singapore,4.0,4.0,3.8917992,2454,0.0,0.0
arteastiq-singapore,4.0,4.0,3.8936366999999996,1505,0.0,0.0
apiary-singapore,5.0,5.0,4.8758464,306,1.0,1.0
apiary-singapore,5.0,5.0,4.884988,988,1.0,1.0
mon-bijou-singapore,4.0,4.0,3.9121214999999996,2097,0.0,0.0
ogopogo-singapore,5.0,5.0,4.893871,2391,1.0,1.0
chin-chin-restaurant-singapore,5.0,5.0,4.8468585,1771,1.0,1.0
chin-chin-restaurant-singapore,5.0,5.0,4.8891907,1274,1.0,1.0
drips-singapore,4.0,4.0,3.9294116000000003,376,0.0,0.0
drips-singapore,4.0,4.0,3.9094167,1276,0.0,0.0
drips-singapore,4.0,4.0,3.9264337999999994,1861,0.0,0.0
drips-singapore,4.0,4.0,3.9186574999999997,2043,0.0,0.0
group-therapy-cafe-singapore,4.0,4.0,3.9359305,75,0.0,0.0
the-dog-and-bone-cafe-singapore-2,5.0,5.0,4.8926004999999995,753,1.0,1.0
bakers-13-singapore,5.0,5.0,4.902332,9,1.0,1.0
the-tiong-bahru-club-singapore,4.0,4.0,3.9088643,1445,0.0,0.0
the-tiong-bahru-club-singapore,4.0,4.0,3.9204017999999996,297,0.0,0.0
the-tiong-bahru-club-singapore,4.0,4.0,3.9220383,2463,0.0,0.0
bread-yard-singapore-2,4.0,4.0,3.9336405,1022,0.0,0.0
killiney-kopitiam-singapore-4,5.0,5.0,4.8535414,1276,1.0,1.0
cafe-football-singapore,5.0,5.0,4.8928595,399,1.0,1.0
dot-and-dash-singapore,4.0,4.0,3.9819489999999997,2025,0.0,0.0
lana-cake-singapore-3,5.0,5.0,4.856865,898,1.0,1.0
lana-cake-singapore-3,5.0,5.0,4.877096,2043,1.0,1.0
the-coffee-bean-and-tea-leaf-singapore-23,4.0,4.0,3.9114223,2551,0.0,0.0
traditional-haig-road-putu-piring-singapore-3,5.0,5.0,4.872038,2043,1.0,1.0
the-affogato-bar-singapore,4.0,4.0,3.9345190000000003,1425,0.0,0.0
the-affogato-bar-singapore,4.0,4.0,3.9172727999999997,2479,0.0,0.0
the-affogato-bar-singapore,4.0,4.0,3.8650396000000002,2396,0.0,0.0
starbucks-singapore-21,4.0,4.0,3.8999254999999997,651,0.0,0.0
starbucks-singapore-21,4.0,4.0,3.9253852,2043,0.0,0.0
the-company-of-cats-singapore,5.0,5.0,4.840493700000001,2046,1.0,1.0
pies-and-coffee-singapore-5,4.0,4.0,3.948747,2043,0.0,0.0
black-white-tale-singapore,4.0,4.0,3.9174964,1667,0.0,0.0
nanyang-old-coffee-singapore,5.0,5.0,4.852133,23,1.0,1.0
toast-box-singapore,5.0,5.0,4.8544955000000005,2043,1.0,1.0
espressoul-singapore-2,4.0,4.0,3.932087,570,0.0,0.0
marco-marco-singapore-4,5.0,5.0,4.883735,2043,1.0,1.0
arabica-singapore,5.0,5.0,4.89194,1585,1.0,1.0
common-man-coffee-roasters-singapore,4.0,4.0,3.9180337999999995,207,0.0,0.0
common-man-coffee-roasters-singapore,4.0,4.0,3.9649017,1065,0.0,0.0
common-man-coffee-roasters-singapore,4.0,4.0,3.9671001000000006,721,0.0,0.0
common-man-coffee-roasters-singapore,4.0,4.0,3.9060135000000002,740,0.0,0.0
common-man-coffee-roasters-singapore,4.0,4.0,3.9297302000000003,2237,0.0,0.0
common-man-coffee-roasters-singapore,4.0,4.0,3.9391282,2479,0.0,0.0
common-man-coffee-roasters-singapore,4.0,4.0,3.9314062999999995,2138,0.0,0.0
common-man-coffee-roasters-singapore,4.0,4.0,3.9650505,148,0.0,0.0
common-man-coffee-roasters-singapore,4.0,4.0,3.9674485,689,0.0,0.0
going-om-singapore,5.0,5.0,4.8943095,1868,1.0,1.0
going-om-singapore,5.0,5.0,4.8978376,26,1.0,1.0
going-om-singapore,5.0,5.0,4.8614984,2391,1.0,1.0
going-om-singapore,5.0,5.0,4.8857794000000005,2346,1.0,1.0
flavour-flings-singapore,5.0,5.0,4.875513,1667,1.0,1.0
la-lola-churreria-singapore,3.0,3.0,2.9385817000000003,309,2.0,2.0
dutch-colony-coffee-singapore,4.0,4.0,3.9309547,665,0.0,0.0
dutch-colony-coffee-singapore,4.0,4.0,3.8968225,1493,0.0,0.0
dutch-colony-coffee-singapore,4.0,4.0,3.9347262,765,0.0,0.0
dutch-colony-coffee-singapore,4.0,4.0,3.9139072999999995,2043,0.0,0.0
dutch-colony-coffee-singapore,4.0,4.0,3.8900316,1275,0.0,0.0
the-garden-slug-singapore,4.0,4.0,3.9135663999999997,666,0.0,0.0
soi-55-singapore-2,4.0,4.0,3.9397762000000003,1475,0.0,0.0
eat-me-singapore-2,5.0,5.0,4.9038057,407,1.0,1.0
dimbulah-singapore,4.0,4.0,3.9625998,1882,0.0,0.0
dimbulah-singapore,4.0,4.0,3.9627793,2043,0.0,0.0
old-town-white-coffee-singapore-10,4.0,4.0,3.9544410000000005,2043,0.0,0.0
toast-box-singapore-8,5.0,5.0,4.8141184,469,1.0,1.0
toast-box-singapore-8,5.0,5.0,4.83876,2043,1.0,1.0
toast-box-singapore-42,4.0,4.0,3.881589,433,0.0,0.0
toast-box-singapore-42,4.0,4.0,3.8916032,2043,0.0,0.0
grids-and-circles-singapore-2,4.0,4.0,3.9591089999999998,1573,0.0,0.0
foong-kee-coffee-shop-singapore,5.0,5.0,4.9192324,1786,1.0,1.0
foong-kee-coffee-shop-singapore,5.0,5.0,4.894589,1087,1.0,1.0
sarnies-singapore,4.0,4.0,3.9497144,1213,0.0,0.0
sarnies-singapore,4.0,4.0,3.9446928999999997,1621,0.0,0.0
sarnies-singapore,4.0,4.0,3.955921,2047,0.0,0.0
sarnies-singapore,4.0,4.0,3.9382267,1397,0.0,0.0
sarnies-singapore,4.0,4.0,3.9036174,91,0.0,0.0
sarnies-singapore,4.0,4.0,3.9349344,2326,0.0,0.0
sarnies-singapore,4.0,4.0,3.9171690000000003,2043,0.0,0.0
one-man-coffee-singapore,5.0,5.0,4.9312830000000005,903,1.0,1.0
one-man-coffee-singapore,5.0,5.0,4.9025545,2247,1.0,1.0
one-man-coffee-singapore,5.0,5.0,4.8933773,2237,1.0,1.0
one-man-coffee-singapore,5.0,5.0,4.931883999999999,949,1.0,1.0
flying-hog-cafe-and-bar-singapore,3.0,3.0,2.9296005000000003,898,2.0,2.0
starbucks-southern-islands,5.0,5.0,4.896648,1486,1.0,1.0
starbucks-southern-islands,5.0,5.0,4.9067183,1791,1.0,1.0
summerlong-singapore,3.0,3.0,2.948315,2043,2.0,2.0
nunsaram-singapore,5.0,5.0,4.9226165,2358,1.0,1.0
the-alley-singapore,4.0,4.0,3.9431211999999998,2073,0.0,0.0
curious-palette-singapore,4.0,4.0,3.954126,2167,0.0,0.0
curious-palette-singapore,4.0,4.0,3.9261809999999997,2247,0.0,0.0
curious-palette-singapore,4.0,4.0,3.8960879999999998,1719,0.0,0.0
isle-eating-house-singapore,5.0,5.0,4.85135,1682,1.0,1.0
isle-eating-house-singapore,5.0,5.0,4.887778,2043,1.0,1.0
violet-oons-kitchen-singapore,5.0,5.0,4.8564897,1058,1.0,1.0
violet-oons-kitchen-singapore,5.0,5.0,4.8884206,376,1.0,1.0
violet-oons-kitchen-singapore,5.0,5.0,4.9116826,107,1.0,1.0
violet-oons-kitchen-singapore,5.0,5.0,4.87231,152,1.0,1.0
violet-oons-kitchen-singapore,5.0,5.0,4.9176507,1786,1.0,1.0
violet-oons-kitchen-singapore,5.0,5.0,4.8899870000000005,115,1.0,1.0
violet-oons-kitchen-singapore,5.0,5.0,4.8750186,2043,1.0,1.0
violet-oons-kitchen-singapore,5.0,5.0,4.867053,2540,1.0,1.0
living-cafe-and-deli-singapore,4.0,4.0,3.933962,186,0.0,0.0
living-cafe-and-deli-singapore,4.0,4.0,3.9032445,2225,0.0,0.0
punch-singapore,5.0,5.0,4.9165114999999995,2474,1.0,1.0
little-creatures-brewing-singapore-singapore,5.0,5.0,4.9174776,1222,1.0,1.0
mama-patisserie-singapore,4.0,4.0,3.9208616999999997,789,0.0,0.0
mama-patisserie-singapore,4.0,4.0,3.9248347000000003,2061,0.0,0.0
mama-patisserie-singapore,4.0,4.0,3.926848,671,0.0,0.0
6oz-espresso-bar-singapore-2,5.0,5.0,4.9003315,152,1.0,1.0
hattendo-cafe-singapore,3.0,3.0,2.9513276000000004,2043,2.0,2.0
esette-singapore-2,4.0,4.0,3.9173663,2043,0.0,0.0
street-submarine-singapore,4.0,4.0,3.8920186,631,0.0,0.0
wanna-cuppa-singapore,5.0,5.0,4.851326,1501,1.0,1.0
neko-no-niwa-singapore,5.0,5.0,4.879328,2061,1.0,1.0
wakey-wakey-singapore,5.0,1.0,0.1284712,2515,1.0,3.0
waterfall-cafe-singapore,5.0,5.0,4.933376,302,1.0,1.0
waterfall-cafe-singapore,5.0,5.0,4.895485,2297,1.0,1.0
pine-gardens-cake-singapore,4.0,4.0,3.9387524,675,0.0,0.0
pine-gardens-cake-singapore,4.0,4.0,3.9105556000000004,1771,0.0,0.0
pine-gardens-cake-singapore,4.0,4.0,3.9405975,2044,0.0,0.0
pine-gardens-cake-singapore,4.0,4.0,3.9605713,861,0.0,0.0
liho-tea-singapore-28,4.0,4.0,3.8847241,2043,0.0,0.0
maxwell-food-centre-singapore-3,5.0,5.0,4.7899704000000005,377,1.0,1.0
maxwell-food-centre-singapore-3,5.0,5.0,4.847757,164,1.0,1.0
maxwell-food-centre-singapore-3,5.0,5.0,4.9127545,2278,1.0,1.0
maxwell-food-centre-singapore-3,5.0,5.0,4.824242,898,1.0,1.0
maxwell-food-centre-singapore-3,5.0,5.0,4.902314700000001,2285,1.0,1.0
maxwell-food-centre-singapore-3,5.0,5.0,4.810128700000001,281,1.0,1.0
maxwell-food-centre-singapore-3,5.0,5.0,4.7622247,1706,1.0,1.0
maxwell-food-centre-singapore-3,5.0,5.0,4.8917675,614,1.0,1.0
maxwell-food-centre-singapore-3,5.0,5.0,4.810128700000001,240,1.0,1.0
maxwell-food-centre-singapore-3,5.0,5.0,4.8415356,407,1.0,1.0
maxwell-food-centre-singapore-3,5.0,5.0,4.810128700000001,996,1.0,1.0
maxwell-food-centre-singapore-3,5.0,5.0,4.810128700000001,1002,1.0,1.0
maxwell-food-centre-singapore-3,5.0,5.0,4.8761106,1416,1.0,1.0
ten-rens-tea-singapore,4.0,4.0,3.9285504999999996,430,0.0,0.0
tong-heng-singapore-3,5.0,5.0,4.838352700000001,793,1.0,1.0
tong-heng-singapore-3,5.0,5.0,4.916037,663,1.0,1.0
tong-heng-singapore-3,5.0,5.0,4.8025737,1696,1.0,1.0
tong-heng-singapore-3,5.0,5.0,4.937683,1908,1.0,1.0
tong-heng-singapore-3,5.0,5.0,4.8564324,1266,1.0,1.0
tong-heng-singapore-3,5.0,5.0,4.9425287,371,1.0,1.0
the-muffinry-bakery-and-cafe-singapore,4.0,4.0,3.900964,1599,0.0,0.0
the-muffinry-bakery-and-cafe-singapore,4.0,4.0,3.9468107000000003,1405,0.0,0.0
whisk-cafe-singapore,5.0,5.0,4.8280296,2539,1.0,1.0
benjamin-barker-cafe-singapore,4.0,4.0,3.9399648000000003,2141,0.0,0.0
paddy-hills-singapore,4.0,4.0,3.9172025,1103,0.0,0.0
paddy-hills-singapore,4.0,4.0,3.932292,27,0.0,0.0
lowercase-singapore,4.0,4.0,3.9643536,1387,0.0,0.0
singapore-swimming-club-singapore,5.0,5.0,4.873528,2043,1.0,1.0
rafees-corner-singapore,4.0,4.0,3.9002163,1771,0.0,0.0
cedele-singapore-47,4.0,4.0,3.9166512000000004,2043,0.0,0.0
mr-teh-tarik-eating-house-singapore-5,5.0,5.0,4.8971257,2043,1.0,1.0
lucky-food-centre-singapore,3.0,3.0,2.9698126,1727,2.0,2.0
enchanted-cafe-singapore,5.0,5.0,4.961604,1919,1.0,1.0
enchanted-cafe-singapore,5.0,5.0,4.87565,1084,1.0,1.0
cafe-cartel-singapore-2,4.0,1.0,-0.3465356,1517,0.0,3.0
cafe-cartel-singapore-2,4.0,1.0,-0.34616563,2043,0.0,3.0
sprout-singapore-2,5.0,5.0,4.909968,225,1.0,1.0
espressivo-cafe-singapore,5.0,1.0,0.06737536,2043,1.0,3.0
kraftwich-by-swissbake-singapore,5.0,1.0,0.060842007000000004,2043,1.0,3.0
the-fabulous-baker-boy-singapore,4.0,4.0,3.9110248,14,0.0,0.0
the-fabulous-baker-boy-singapore,4.0,4.0,3.9792476000000003,852,0.0,0.0
the-fabulous-baker-boy-singapore,4.0,4.0,3.8082694999999998,2291,0.0,0.0
the-fabulous-baker-boy-singapore,4.0,4.0,3.910165,464,0.0,0.0
the-fabulous-baker-boy-singapore,4.0,4.0,3.9455607,115,0.0,0.0
the-fabulous-baker-boy-singapore,4.0,4.0,3.9334745000000004,2043,0.0,0.0
the-fabulous-baker-boy-singapore,4.0,4.0,3.9269767,2540,0.0,0.0
kith-cafe-singapore-3,4.0,4.0,3.9318388,2043,0.0,0.0
toast-box-singapore-27,4.0,4.0,3.9463186,1051,0.0,0.0
toast-box-singapore-27,4.0,4.0,3.9693146,2141,0.0,0.0
hoshino-coffee-singapore-4,4.0,4.0,3.9222202000000004,869,0.0,0.0
atlas-coffeehouse-singapore,5.0,5.0,4.8999714999999995,665,1.0,1.0
atlas-coffeehouse-singapore,5.0,5.0,4.9116225,1425,1.0,1.0
atlas-coffeehouse-singapore,5.0,5.0,4.903821499999999,756,1.0,1.0
atlas-coffeehouse-singapore,5.0,5.0,4.9076138,2493,1.0,1.0
atlas-coffeehouse-singapore,5.0,5.0,4.9353237000000005,1700,1.0,1.0
walking-on-sunshine-cafe-singapore,4.0,4.0,3.950764,1722,0.0,0.0
da-paolo-gastronomia-orchard-paragon-singapore,4.0,4.0,3.913387,964,0.0,0.0
