shops,ratings,prediction_rounded,prediction,userids
the-bao-makers-singapore,4.0,4.0,3.9331024,2043
the-coffee-shot-singapore,4.0,4.0,3.9336052,2326
little-farms-cafe-singapore,4.0,4.0,3.8955767,2043
lam-yeo-coffee-powder-fty-singapore,5.0,5.0,4.8699913,2043
nassim-hill-bakery-bistro-bar-singapore,4.0,4.0,3.9424427,1514
nassim-hill-bakery-bistro-bar-singapore,4.0,4.0,3.9272442,128
nassim-hill-bakery-bistro-bar-singapore,4.0,4.0,3.9414964,1123
nassim-hill-bakery-bistro-bar-singapore,4.0,4.0,3.899933,1538
nassim-hill-bakery-bistro-bar-singapore,4.0,4.0,3.9603372,555
nassim-hill-bakery-bistro-bar-singapore,4.0,4.0,3.9494753,2493
nassim-hill-bakery-bistro-bar-singapore,4.0,4.0,3.95103,149
brill-singapore,4.0,4.0,3.9147174,1051
selfie-coffee-singapore,5.0,5.0,4.890954,2038
stateland-cafe-singapore,5.0,5.0,4.880248,1681
stateland-cafe-singapore,5.0,5.0,4.853981,1719
stateland-cafe-singapore,5.0,5.0,4.9054484,57
stateland-cafe-singapore,5.0,5.0,4.9204464,643
stateland-cafe-singapore,5.0,5.0,4.8825765,2043
dolcetto-by-basilico-singapore,5.0,5.0,4.8915024,1602
coffee-club-singapore-5,5.0,5.0,4.8509617,2043
la-ristrettos-singapore,5.0,5.0,4.8582087,399
la-ristrettos-singapore,5.0,5.0,4.854512,91
la-ristrettos-singapore,5.0,5.0,4.8713584,2043
la-ristrettos-singapore,5.0,5.0,4.8727736,105
la-ristrettos-singapore,5.0,5.0,4.8488,878
nanyang-old-coffee-singapore-7,3.0,3.0,2.963802,2331
olivia-and-co-singapore,4.0,4.0,3.959431,883
rabbit-carrot-gun-singapore-2,4.0,4.0,3.9703536,1116
rabbit-carrot-gun-singapore-2,4.0,4.0,3.9146283,878
four-seasons-singapore-2,4.0,4.0,3.9371493,2416
builders-cafe-singapore-2,4.0,4.0,3.9363163,2469
old-town-white-coffee-singapore-8,3.0,3.0,2.9781818,726
tea-lounge-singapore-3,5.0,5.0,4.8892517,18
rayz-bistro-singapore,5.0,5.0,4.8651457,2043
m-seven-cafe-singapore,4.0,4.0,3.91679,2043
choupinette-singapore,4.0,4.0,3.920279,1160
flee-away-cafe-singapore,4.0,4.0,3.9342263,1075
flee-away-cafe-singapore,4.0,4.0,3.9449775,872
botany-singapore,4.0,4.0,3.9614134,1967
the-coffee-bean-and-tea-leaf-singapore-35,4.0,4.0,3.9089239,91
starbucks-singapore-92,5.0,0.0,-0.40242657,2043
smoothy-de-cafe-singapore,4.0,4.0,3.911131,2043
the-clueless-goat-singapore,4.0,4.0,3.9042926,1676
the-clueless-goat-singapore,4.0,4.0,3.977331,1974
the-clueless-goat-singapore,4.0,4.0,3.9381807,2097
the-clueless-goat-singapore,4.0,4.0,3.9562514,1022
the-clueless-goat-singapore,4.0,4.0,3.9349532,2043
pek-kio-market-and-food-centre-singapore,5.0,5.0,4.8205175,377
pek-kio-market-and-food-centre-singapore,5.0,5.0,4.837812,1226
apartment-coffee-singapore,5.0,0.0,-0.031157153,2043
cafe-melba-singapore,4.0,4.0,3.9580135,1166
cafe-melba-singapore,4.0,4.0,3.9215355,1956
five-oars-coffee-roasters-singapore-2,5.0,5.0,4.875126,306
craftsmen-specialty-coffee-singapore,4.0,4.0,3.915096,789
craftsmen-specialty-coffee-singapore,4.0,4.0,3.933567,190
craftsmen-specialty-coffee-singapore,4.0,4.0,3.8912833,1275
praelum-wine-bistro-singapore,5.0,5.0,4.891863,186
praelum-wine-bistro-singapore,5.0,5.0,4.8540163,1084
maccha-house-singapore,4.0,4.0,3.9457104,2363
maccha-house-singapore,4.0,4.0,3.921054,2097
the-aftertaste-singapore-2,5.0,5.0,4.877384,2043
koi-cafe-singapore-2,5.0,5.0,4.929933,1419
koi-cafe-singapore-2,5.0,5.0,4.866322,2043
starbucks-singapore-82,4.0,4.0,3.943405,2043
the-book-cafe-singapore,4.0,4.0,3.9218805,532
the-book-cafe-singapore,4.0,4.0,3.929872,1861
the-book-cafe-singapore,4.0,4.0,3.9109015,701
the-book-cafe-singapore,4.0,4.0,3.9361284,27
the-book-cafe-singapore,4.0,4.0,3.932754,2218
the-book-cafe-singapore,4.0,4.0,3.9315414,1825
the-book-cafe-singapore,4.0,4.0,3.9288616,1542
smør-singapore,4.0,4.0,3.9457514,2493
chatime-singapore-2,4.0,4.0,3.937175,306
bungy-bar-singapore,4.0,4.0,3.9202979,556
bungy-bar-singapore,4.0,4.0,3.9158945,2043
zeppelin-and-co-singapore,5.0,0.0,0.4606557,337
zeppelin-and-co-singapore,5.0,0.0,0.4607471,2043
boomarang-singapore,5.0,5.0,4.8738303,2061
boomarang-singapore,5.0,5.0,4.8826075,288
cow-palace-restaurant-and-cafe-singapore,4.0,4.0,3.9132974,2043
food-for-thought-singapore,4.0,4.0,3.9616053,368
food-for-thought-singapore,4.0,4.0,3.9302607,306
food-for-thought-singapore,4.0,4.0,3.9215062,789
food-for-thought-singapore,4.0,4.0,3.928677,2247
food-for-thought-singapore,4.0,4.0,3.9150515,2540
the-coffee-academics-singapore,3.0,3.0,2.9743104,1412
the-coffee-academics-singapore,3.0,3.0,2.9734683,1103
the-coffee-academics-singapore,3.0,3.0,2.9849074,27
365-fruit-juice-and-smoothie-singapore,4.0,4.0,3.8697152,2043
the-assembly-ground-singapore,4.0,4.0,3.9053519,2494
the-assembly-ground-singapore,4.0,4.0,3.9224238,2237
the-assembly-ground-singapore,4.0,4.0,3.9442098,1915
the-assembly-ground-singapore,4.0,4.0,3.9599009,1884
simply-bread-singapore-2,4.0,4.0,3.9163864,1276
simply-bread-singapore-2,4.0,4.0,3.9344294,306
simply-bread-singapore-2,4.0,4.0,3.8705058,1497
simply-bread-singapore-2,4.0,4.0,3.9376354,515
the-bread-project-singapore,4.0,4.0,3.9027028,2387
the-bread-project-singapore,4.0,4.0,3.857787,1634
joe-and-dough-singapore-9,3.0,3.0,2.964713,1671
all-in-singapore,5.0,5.0,4.860904,407
da-paolo-gastronomia-holland-village-singapore-2,4.0,4.0,3.9569168,1788
da-paolo-gastronomia-holland-village-singapore-2,4.0,4.0,3.9272218,970
common-man-stan-singapore,5.0,5.0,4.8838997,2043
40-hands-singapore,4.0,4.0,3.894135,1445
40-hands-singapore,4.0,4.0,3.9048548,1762
40-hands-singapore,4.0,4.0,3.9177327,2237
40-hands-singapore,4.0,4.0,3.91364,18
40-hands-singapore,4.0,4.0,3.9025202,450
40-hands-singapore,4.0,4.0,3.9340994,209
40-hands-singapore,4.0,4.0,3.923595,1777
charlie-brown-cafe-singapore-2,4.0,4.0,3.9645927,2379
charlie-brown-cafe-singapore-2,4.0,4.0,3.9376295,2043
ibake-singapore,3.0,3.0,2.9629228,162
play-nation-singapore,5.0,5.0,4.89492,1779
greyhound-singapore,5.0,5.0,4.9018717,1825
the-cat-cafe-singapore-2,5.0,5.0,4.894425,691
sinpopo-brand-singapore,5.0,5.0,4.8919296,75
sinpopo-brand-singapore,5.0,5.0,4.846923,2214
jin-wee-coffee-shop-singapore,4.0,4.0,3.9151783,2043
coffee-and-toast-singapore-4,3.0,3.0,2.973204,401
tianns-bakery-singapore,5.0,5.0,4.862452,297
tianns-bakery-singapore,5.0,5.0,4.8776913,2043
the-larder-cafe-singapore,5.0,5.0,4.871917,91
my-awesome-cafe-singapore,5.0,5.0,4.8860006,1878
my-awesome-cafe-singapore,5.0,5.0,4.905289,1213
my-awesome-cafe-singapore,5.0,5.0,4.8648767,2043
ya-kun-kaya-toast-singapore-10,4.0,4.0,3.9826858,1674
ya-kun-kaya-toast-singapore-10,4.0,4.0,3.8961244,1669
the-flying-squirrel-singapore,5.0,5.0,4.9060483,1092
the-flying-squirrel-singapore,5.0,5.0,4.914903,2073
botanist-singapore,5.0,5.0,4.901317,1293
botanist-singapore,5.0,5.0,4.8798137,2043
watanabe-coffee-singapore,4.0,4.0,3.9413402,1877
tom-n-toms-coffee-singapore,3.0,3.0,2.966559,1412
tom-n-toms-coffee-singapore,3.0,3.0,2.969709,1779
tom-n-toms-coffee-singapore,3.0,3.0,2.9771311,27
tom-n-toms-coffee-singapore,3.0,3.0,2.9665267,2043
mr-teh-tarik-cartel-singapore,5.0,5.0,4.970348,419
mr-teh-tarik-cartel-singapore,5.0,5.0,4.9077954,1316
dimbulah-singapore-9,4.0,4.0,3.9435117,1397
characters-cafe-singapore-2,4.0,4.0,3.9258022,2043
tarte-by-cheryl-koh-singapore,5.0,5.0,4.8953834,1051
chalk-farm-singapore-2,5.0,5.0,4.8832746,2479
bluemist-singapore,5.0,5.0,4.845342,2043
kagurazaka-saryo-singapore,4.0,4.0,3.923626,241
the-disgruntled-chef-singapore,4.0,4.0,3.9632692,757
the-disgruntled-chef-singapore,4.0,4.0,3.9420881,209
the-disgruntled-chef-singapore,4.0,4.0,3.9257915,2043
the-disgruntled-chef-singapore,4.0,4.0,3.9193141,2540
dimbulah-singapore-2,4.0,4.0,3.9300811,845
dimbulah-singapore-2,4.0,4.0,3.9147375,2043
one-man-coffee-singapore-2,4.0,4.0,3.9182792,2061
the-new-black-singapore-2,5.0,5.0,4.90285,2237
manicurious-singapore,5.0,5.0,4.907832,139
manicurious-singapore,5.0,5.0,4.8797,2271
manicurious-singapore,5.0,5.0,4.859989,2043
toast-box-singapore-63,4.0,4.0,3.9056368,2263
boufe-boutique-cafe-singapore,5.0,5.0,4.8706574,2494
black-barista-coffee-world-singapore,1.0,0.0,0.020193372,2043
old-hen-coffee-bar-singapore-2,4.0,4.0,3.914847,2237
sweetspot-singapore-2,5.0,5.0,4.8976326,1274
sweetspot-singapore-2,5.0,5.0,4.882907,2043
o-bean-organic-soya-store-singapore-3,4.0,4.0,3.9190593,198
tcc-singapore-2,4.0,4.0,3.9492557,337
tcc-singapore-2,4.0,4.0,3.9451926,2043
raffles-city-market-place-singapore,4.0,4.0,3.9484787,26
nespresso-boutique-singapore,5.0,5.0,4.886585,394
nespresso-boutique-singapore,5.0,5.0,4.8548865,980
guac-and-go-singapore,4.0,4.0,3.9345934,27
three-cups-coffee-co-singapore,3.0,3.0,2.9646494,1637
mufiz-cafe-singapore-2,4.0,4.0,3.9590862,2043
candour-coffee-singapore,5.0,5.0,4.860002,2043
nam-dae-mun-singapore,5.0,5.0,4.9284744,1404
balmoral-bakery-singapore,5.0,5.0,4.918293,322
balmoral-bakery-singapore,5.0,5.0,4.8823614,2043
art-palates-cafe-singapore,4.0,4.0,3.9136486,1897
art-palates-cafe-singapore,4.0,4.0,3.912041,2043
lau-pa-sat-singapore-2,4.0,4.0,3.9526865,2055
lau-pa-sat-singapore-2,4.0,4.0,3.9432843,16
lau-pa-sat-singapore-2,4.0,4.0,3.9709074,1199
lau-pa-sat-singapore-2,4.0,4.0,3.9044006,2294
lau-pa-sat-singapore-2,4.0,4.0,3.9874165,1386
lau-pa-sat-singapore-2,4.0,4.0,3.9857814,1419
lau-pa-sat-singapore-2,4.0,4.0,3.9571278,2493
lau-pa-sat-singapore-2,4.0,4.0,3.9459612,21
lau-pa-sat-singapore-2,4.0,4.0,3.9953291,711
café-mosaic-singapore,5.0,5.0,4.8914285,2371
café-mosaic-singapore,5.0,5.0,4.8731804,1051
wang-café-singapore-12,3.0,3.0,2.9559703,1190
creamier-singapore,5.0,5.0,4.90084,376
creamier-singapore,5.0,5.0,4.8635693,732
creamier-singapore,5.0,5.0,4.9024076,115
toast-box-singapore-24,4.0,4.0,3.9089572,1719
toast-box-singapore-24,4.0,4.0,3.9319642,2043
tea-tree-cafe-singapore,4.0,4.0,3.888275,2043
sun-ray-cafe-singapore,4.0,4.0,3.9247794,1989
crepe-signature-singapore,4.0,4.0,3.9204817,2043
tobys-estate-singapore,4.0,4.0,3.908246,442
tobys-estate-singapore,4.0,4.0,3.9446666,1404
tobys-estate-singapore,4.0,4.0,3.912351,2157
tobys-estate-singapore,4.0,4.0,3.924168,2043
the-reading-room-singapore,5.0,5.0,4.863987,1412
the-reading-room-singapore,5.0,5.0,4.8638244,2043
nom-singapore,4.0,4.0,3.9379494,1136
cottontail-creamery-singapore,5.0,5.0,4.9124193,1894
pies-and-coffee-singapore-3,4.0,4.0,3.9287262,115
pies-and-coffee-singapore-3,4.0,4.0,3.9167233,2043
marine-cove-singapore,4.0,4.0,3.9271302,2043
nylon-coffee-roasters-singapore,5.0,5.0,4.923512,757
nylon-coffee-roasters-singapore,5.0,5.0,4.875628,1406
nylon-coffee-roasters-singapore,5.0,5.0,4.863693,399
nylon-coffee-roasters-singapore,5.0,5.0,4.8909326,2350
nylon-coffee-roasters-singapore,5.0,5.0,4.8884134,2479
nylon-coffee-roasters-singapore,5.0,5.0,4.823239,2396
nylon-coffee-roasters-singapore,5.0,5.0,4.876968,2043
ya-kun-kaya-toast-singapore-9,5.0,5.0,4.8678174,1868
ya-kun-kaya-toast-singapore-9,5.0,5.0,4.866452,17
ya-kun-kaya-toast-singapore-9,5.0,5.0,4.854552,2548
ya-kun-kaya-toast-singapore-9,5.0,5.0,4.8463855,467
artisan-boulangerie-co-singapore,4.0,4.0,3.8957083,2026
artisan-boulangerie-co-singapore,4.0,4.0,3.9153678,2043
artisan-boulangerie-co-singapore-8,5.0,5.0,4.9176865,718
artisan-boulangerie-co-singapore-8,5.0,5.0,4.878942,2043
wild-honey-singapore-3,4.0,4.0,3.957563,1272
wild-honey-singapore-3,4.0,4.0,3.9372737,2187
wild-honey-singapore-3,4.0,4.0,3.9448836,794
wild-honey-singapore-3,4.0,4.0,3.9515507,209
wild-honey-singapore-3,4.0,4.0,3.950561,845
wild-honey-singapore-3,4.0,4.0,3.9406621,1880
wild-honey-singapore-3,4.0,4.0,3.9523323,1481
toast-box-singapore-53,4.0,4.0,3.9612577,374
craftsmen-specialty-coffee-singapore-3,4.0,4.0,3.9227445,2043
bobs-bar-singapore,5.0,5.0,4.7886934,2083
bobs-bar-singapore,5.0,5.0,4.87968,1451
bobs-bar-singapore,5.0,5.0,4.9070597,2043
a-gan-tea-singapore,4.0,4.0,3.9195325,1488
coastal-rhythm-cafe-and-bar-singapore,5.0,0.0,-0.29275307,2043
strangers-reunion-singapore,4.0,4.0,3.9604726,1845
strangers-reunion-singapore,4.0,4.0,3.9229035,2237
symmetry-singapore,4.0,4.0,3.9172626,1051
symmetry-singapore,4.0,4.0,3.9395554,1075
symmetry-singapore,4.0,4.0,3.9020257,1672
symmetry-singapore,4.0,4.0,3.8983076,41
symmetry-singapore,4.0,4.0,3.9478722,1416
symmetry-singapore,4.0,4.0,3.9272525,1452
symmetry-singapore,4.0,4.0,3.922104,2043
the-coffee-bean-and-tea-leaf-singapore-24,4.0,4.0,3.9455276,2371
the-dough-shoppe-singapore,4.0,4.0,3.9496706,1486
kim-kee-coffee-shop-tanjong-rhu-wanton-mee-singapore,4.0,4.0,3.9213486,2043
the-chocolate-bar-singapore-2,4.0,4.0,3.939067,2043
oberstrasse-singapore,5.0,5.0,4.902035,1903
kafe-utu-no-title,5.0,5.0,4.9329076,1967
icebox-cafe-singapore,4.0,4.0,3.9179323,2043
pantler-singapore,5.0,5.0,4.9016714,1372
pantler-singapore,5.0,5.0,4.8954864,1559
spinelli-coffee-company-singapore,4.0,4.0,3.9294453,2043
flor-patisserie-singapore,5.0,5.0,4.90617,88
flor-patisserie-singapore,5.0,5.0,4.889054,1281
flor-patisserie-singapore,5.0,5.0,4.8789997,2043
santap-singapore,4.0,4.0,3.9351041,2043
gelato-cottage-singapore,4.0,4.0,3.930183,1861
creamery-boutique-singapore,5.0,5.0,4.9002757,1475
creamery-boutique-singapore,5.0,5.0,4.8762026,23
wang-cafe-singapore-14,4.0,4.0,3.9322953,1420
privé-singapore-7,4.0,4.0,3.905988,2043
freshly-baked-by-le-bijoux-singapore,5.0,5.0,4.8952146,809
freshly-baked-by-le-bijoux-singapore,5.0,5.0,4.884188,724
freshly-baked-by-le-bijoux-singapore,5.0,5.0,4.852416,1331
toast-box-singapore-11,3.0,3.0,3.006033,2043
verdure-cafe-singapore,4.0,4.0,3.9351041,2043
dc-comics-super-heroes-cafe-singapore,3.0,3.0,3.0642517,391
dc-comics-super-heroes-cafe-singapore,3.0,3.0,3.0642517,414
dc-comics-super-heroes-cafe-singapore,3.0,3.0,3.0057378,91
oh-deli-singapore,5.0,5.0,4.8736954,553
ya-kun-kaya-toast-singapore-37,5.0,5.0,4.862423,2043
café-kapok-singapore,4.0,0.0,0.31408185,2043
coftea-marine-parade-market-and-food-centre-singapore,5.0,5.0,4.891126,2043
blocs-singapore,5.0,0.0,-0.19441229,2043
mr-bean-singapore-3,4.0,4.0,3.9144268,2043
mellower-coffee-singapore-3,5.0,5.0,4.9015174,321
carpenter-and-cook-singapore,4.0,4.0,3.9438763,1475
carpenter-and-cook-singapore,4.0,4.0,3.9383757,1274
carpenter-and-cook-singapore,4.0,4.0,3.9316742,1452
carpenter-and-cook-singapore,4.0,4.0,3.9453917,1190
cozy-corner-coffee-singapore,4.0,4.0,3.991146,1486
cozy-corner-coffee-singapore,4.0,4.0,3.994178,57
coffee-smith-singapore,4.0,4.0,3.9321487,2479
coffee-smith-singapore,4.0,4.0,3.922959,2043
crystal-jade-my-breads-singapore-2,5.0,5.0,4.891844,2043
crystal-jade-my-breads-singapore-2,5.0,5.0,4.951516,685
dunkin-donuts-singapore,3.0,3.0,2.935829,2043
clinton-street-baking-company-and-restaurant-singapore,5.0,5.0,4.8753123,778
clinton-street-baking-company-and-restaurant-singapore,5.0,5.0,4.8974166,285
clinton-street-baking-company-and-restaurant-singapore,5.0,5.0,4.8708014,50
clinton-street-baking-company-and-restaurant-singapore,5.0,5.0,4.8697867,726
clinton-street-baking-company-and-restaurant-singapore,5.0,5.0,4.9080563,2474
clinton-street-baking-company-and-restaurant-singapore,5.0,5.0,4.7982783,1497
clinton-street-baking-company-and-restaurant-singapore,5.0,5.0,4.92479,230
clinton-street-baking-company-and-restaurant-singapore,5.0,5.0,4.8879085,1970
clinton-street-baking-company-and-restaurant-singapore,5.0,5.0,4.8497825,91
le-cafe-confectionery-and-pastry-singapore,5.0,5.0,4.905459,328
le-cafe-confectionery-and-pastry-singapore,5.0,5.0,4.899983,2377
project-açai-singapore,5.0,5.0,4.8982544,75
stray-by-fatcat-singapore,4.0,4.0,3.9343052,675
stray-by-fatcat-singapore,4.0,4.0,3.9284158,2043
mother-dough-singapore,4.0,4.0,3.9764268,1019
cedele-singapore-55,4.0,4.0,3.9351041,2043
oriole-coffee-bar-singapore-2,4.0,4.0,3.9317667,164
oriole-coffee-bar-singapore-2,4.0,4.0,3.9372814,186
oriole-coffee-bar-singapore-2,4.0,4.0,3.947,803
oriole-coffee-bar-singapore-2,4.0,4.0,3.9451551,209
oriole-coffee-bar-singapore-2,4.0,4.0,3.9268806,869
oriole-coffee-bar-singapore-2,4.0,4.0,3.9469075,220
oriole-coffee-bar-singapore-2,4.0,4.0,3.9340067,1452
nanyang-old-coffee-singapore-6,5.0,5.0,4.8892612,2043
toast-singapore,4.0,4.0,3.9270468,1989
habitat-coffee-singapore,3.0,3.0,2.9529872,284
habitat-coffee-singapore,3.0,3.0,2.9489365,789
fuel-plus-singapore,4.0,4.0,3.8869205,566
awesome-coffee-singapore,4.0,4.0,3.9490075,843
lavender-food-hub-singapore,5.0,5.0,4.872978,789
fine-cuts-singapore,4.0,4.0,3.9268467,556
joe-and-the-juice-singapore,4.0,4.0,3.927065,2043
kotobuki-coffee-singapore-2,4.0,4.0,3.9398859,1075
starbucks-singapore-66,4.0,4.0,3.9501235,2371
starbucks-singapore-66,4.0,4.0,3.9405234,2043
henri-charpentier-singapore-3,5.0,5.0,4.9244223,596
two-blur-guys-singapore,4.0,4.0,3.930069,1779
two-blur-guys-singapore,4.0,4.0,3.905131,1150
two-blur-guys-singapore,4.0,4.0,3.9357061,2473
two-blur-guys-singapore,4.0,4.0,3.9431045,1970
platform-1094-singapore,5.0,5.0,4.9240594,852
bees-knees-singapore,4.0,4.0,3.934341,306
bees-knees-singapore,4.0,4.0,3.9458117,1404
asanoya-boulangerie-singapore,4.0,4.0,3.9160504,2043
jewel-coffee-at-great-world-city-singapore,4.0,4.0,3.9285545,2043
muzium-cafe-singapore,5.0,0.0,0.24180262,2043
bratwurst-shop-ps-singapore,4.0,0.0,-0.34616563,2043
starbucks-singapore-177,4.0,4.0,3.9401693,1222
kith-cafe-singapore,4.0,4.0,3.9422085,445
kith-cafe-singapore,4.0,4.0,3.917568,2237
kith-cafe-singapore,4.0,4.0,3.9231718,912
kith-cafe-singapore,4.0,4.0,3.9230852,1880
kith-cafe-singapore,4.0,4.0,3.933301,2271
nam-nam-noodle-bar-downtown-core,3.0,3.0,2.9585981,1412
nam-nam-noodle-bar-downtown-core,3.0,3.0,2.958621,1991
nam-nam-noodle-bar-downtown-core,3.0,3.0,2.9716063,1293
coffee-and-toast-singapore,4.0,4.0,3.9194243,2043
starbucks-singapore-26,4.0,4.0,3.9458847,2043
grapevine-cafe-bar-and-restaurant-singapore,5.0,5.0,4.9259806,2171
group-therapy-coffee-singapore,4.0,4.0,3.911226,500
group-therapy-coffee-singapore,4.0,4.0,3.9413288,2283
group-therapy-coffee-singapore,4.0,4.0,3.9434543,209
group-therapy-coffee-singapore,4.0,4.0,3.906835,1113
group-therapy-coffee-singapore,4.0,4.0,3.9427857,2271
group-therapy-coffee-singapore,4.0,4.0,3.92661,970
group-therapy-coffee-singapore,4.0,4.0,3.8946676,1074
brawn-and-brains-coffee-singapore,5.0,5.0,4.8757725,789
brawn-and-brains-coffee-singapore,5.0,5.0,4.898701,57
afterwit-singapore-2,4.0,4.0,3.9300497,487
afterwit-singapore-2,4.0,4.0,3.9607434,1194
afterwit-singapore-2,4.0,4.0,3.9587092,27
3838-eating-place-singapore,5.0,5.0,4.9408264,903
the-hangar-singapore,4.0,4.0,3.9375954,2445
the-hangar-singapore,4.0,4.0,3.9257412,869
the-hangar-singapore,4.0,4.0,3.9710133,1783
toast-box-singapore-51,4.0,-1.0,-0.8895503,2043
mellower-coffee-singapore-188967,5.0,5.0,4.928093,287
mellower-coffee-singapore-188967,5.0,5.0,4.8764777,337
mellower-coffee-singapore-188967,5.0,5.0,4.8713636,2043
tiong-bahru-bakery-singapore-5,5.0,5.0,4.891592,75
little-farms-singapore,5.0,5.0,4.8817034,446
cedele-singapore-9,3.0,3.0,2.9776032,2043
tuk-tuk-cha-singapore-2,4.0,4.0,3.9130075,91
dimbulah-singapore-3,4.0,4.0,3.9212165,2043
grandmas-singapore-3,4.0,4.0,3.9228415,2248
penny-university-singapore,4.0,4.0,3.926705,789
penny-university-singapore,4.0,4.0,3.967443,1052
penny-university-singapore,4.0,4.0,3.9379876,2350
penny-university-singapore,4.0,4.0,3.9516509,1637
penny-university-singapore,4.0,4.0,3.9233754,198
penny-university-singapore,4.0,4.0,3.9255624,1989
penny-university-singapore,4.0,4.0,3.9359748,2479
penny-university-singapore,4.0,4.0,3.8560221,1952
huggs-coffee-singapore-2,4.0,4.0,3.9268,2043
drury-lane-singapore,4.0,4.0,3.956182,2167
drury-lane-singapore,4.0,4.0,3.9188454,152
drury-lane-singapore,4.0,4.0,3.8906033,1628
drury-lane-singapore,4.0,4.0,3.9145403,2540
hood-bar-and-cafe-singapore,4.0,4.0,3.9760208,861
backstage-cafe-singapore,3.0,3.0,2.9538352,598
nanyang-old-coffee-singapore-3,3.0,0.0,0.10330528,1908
nanyang-old-coffee-singapore-3,3.0,0.0,0.103438266,2043
fine-palate-cafe-singapore,5.0,5.0,4.898796,394
stamping-ground-singapore,4.0,4.0,3.92196,2043
sin-hoi-sai-eating-house-singapore,4.0,4.0,3.9503455,198
sin-hoi-sai-eating-house-singapore,4.0,4.0,3.9859045,431
pasarbella-singapore-2,4.0,4.0,3.9257658,433
pasarbella-singapore-2,4.0,4.0,3.9178064,2146
yogart-singapore,4.0,-1.0,-0.75453645,2043
patissez-singapore-2,4.0,4.0,3.948225,1022
breko-cafe-singapore,4.0,4.0,3.9242814,1568
the-coffee-bean-and-tea-leaf-beanstro-marina,3.0,3.0,2.9675205,220
beanstro-singapore,3.0,3.0,2.9947557,1585
tolidos-espresso-nook-singapore-3,5.0,5.0,4.927015,2364
tolidos-espresso-nook-singapore-3,5.0,5.0,4.829008,669
tolidos-espresso-nook-singapore-3,5.0,5.0,4.8758817,2044
tolidos-espresso-nook-singapore-3,5.0,5.0,4.878614,1420
spize-singapore-2,5.0,5.0,4.8730536,23
spize-singapore-2,5.0,5.0,4.9078197,1898
spize-singapore-2,5.0,5.0,4.8839707,1542
spize-singapore-2,5.0,5.0,4.9278727,2497
new-station-snack-bar-singapore,5.0,5.0,4.892746,2043
starbucks-singapore-173,4.0,4.0,3.9676397,1881
pacamara-boutique-coffee-roasters-singapore,4.0,4.0,3.9313865,752
pacamara-boutique-coffee-roasters-singapore,4.0,4.0,3.8908458,1757
pacamara-boutique-coffee-roasters-singapore,4.0,4.0,3.9256449,1585
pacamara-boutique-coffee-roasters-singapore,4.0,4.0,3.9175706,23
pacamara-boutique-coffee-roasters-singapore,4.0,4.0,3.9222438,2068
pacamara-boutique-coffee-roasters-singapore,4.0,4.0,3.933591,27
pacamara-boutique-coffee-roasters-singapore,4.0,4.0,3.9036908,1459
kith-cafe-singapore-6,5.0,5.0,4.900736,1359
hanis-singapore,4.0,4.0,3.86273,1634
lynns-cakes-and-coffee-singapore,4.0,4.0,3.9319365,2043
cocoa-colony-singapore,5.0,5.0,4.900671,96
flock-café-singapore,5.0,5.0,4.8583,500
flock-café-singapore,5.0,5.0,4.9026556,626
flock-café-singapore,5.0,5.0,4.901949,2055
flock-café-singapore,5.0,5.0,4.8817077,164
flock-café-singapore,5.0,5.0,4.882969,2061
flock-café-singapore,5.0,5.0,4.881407,2068
flock-café-singapore,5.0,5.0,4.880028,829
flock-café-singapore,5.0,5.0,4.8924346,2229
toast-box-singapore-49,4.0,4.0,3.9258022,2043
the-coffee-bean-and-tea-leaf-singapore-29,2.0,2.0,2.0062652,2043
eat-play-love-singapore-2,3.0,3.0,2.976259,2044
ollella-singapore-2,4.0,4.0,3.9222038,2043
suzette-singapore,4.0,4.0,3.9351041,2043
two-bakers-cafe-singapore,5.0,5.0,4.8771567,1570
two-bakers-cafe-singapore,5.0,5.0,4.891139,957
old-tea-hut-singapore-2,4.0,4.0,3.9157786,746
knots-cafe-and-living-singapore,5.0,5.0,4.8598742,1126
mix-box-cafe-singapore,5.0,5.0,4.9359593,899
dr-cafe-coffee-singapore-5,4.0,4.0,3.9061086,2043
the-coffee-nations-singapore,3.0,3.0,2.9540198,209
the-marmalade-pantry-singapore-4,4.0,4.0,3.909893,91
the-marmalade-pantry-singapore-4,4.0,4.0,3.9234502,2043
le-kue-singapore,5.0,5.0,4.863907,1924
oromo-coffee-singapore,5.0,5.0,4.9294605,2472
tcc-the-connoisseur-concerto-singapore-9,4.0,4.0,3.9162672,2043
ya-kun-kaya-toast-singapore-22,4.0,4.0,4.0133505,139
ya-kun-kaya-toast-singapore-22,4.0,4.0,3.9778788,502
ps-cafe-singapore-11,3.0,3.0,2.9579644,2043
chopsuey-cafe-singapore-2,4.0,4.0,3.9531407,322
chopsuey-cafe-singapore-2,4.0,4.0,3.917751,2540
tuckshop-singapore,4.0,4.0,3.8879712,566
two-men-bagel-house-singapore,5.0,5.0,4.8685584,178
two-men-bagel-house-singapore,5.0,5.0,4.872115,128
two-men-bagel-house-singapore,5.0,5.0,4.9230604,697
two-men-bagel-house-singapore,5.0,5.0,4.8450537,568
two-men-bagel-house-singapore,5.0,5.0,4.9211545,1052
two-men-bagel-house-singapore,5.0,5.0,4.8949065,1877
two-men-bagel-house-singapore,5.0,5.0,4.849517,446
two-men-bagel-house-singapore,5.0,5.0,4.875606,2061
two-men-bagel-house-singapore,5.0,5.0,4.919132,1967
two-men-bagel-house-singapore,5.0,5.0,4.8777766,1985
two-men-bagel-house-singapore,5.0,5.0,4.8345237,755
two-men-bagel-house-singapore,5.0,5.0,4.909915,1507
two-men-bagel-house-singapore,5.0,5.0,4.88816,27
two-men-bagel-house-singapore,5.0,5.0,4.883971,2218
two-men-bagel-house-singapore,5.0,5.0,4.870722,2043
the-coconut-club-singapore,5.0,5.0,4.865047,1051
the-coconut-club-singapore,5.0,5.0,4.8841996,1559
the-coconut-club-singapore,5.0,5.0,4.8659234,309
the-coconut-club-singapore,5.0,5.0,4.832808,1756
crossroads-café-singapore-2,4.0,4.0,3.9690182,445
crossroads-café-singapore-2,4.0,4.0,3.9458396,829
tiong-bahru-bakery-singapore-4,5.0,5.0,4.8496804,1445
tiong-bahru-bakery-singapore-4,5.0,5.0,4.739666,1431
tiong-bahru-bakery-singapore-4,5.0,5.0,4.877699,1989
tiong-bahru-bakery-singapore-4,5.0,5.0,4.8658705,1902
tiong-bahru-bakery-singapore-4,5.0,5.0,4.898264,845
tiong-bahru-bakery-singapore-4,5.0,5.0,4.8888593,1861
tiong-bahru-bakery-singapore-4,5.0,5.0,4.885954,1880
tiong-bahru-bakery-singapore-4,5.0,5.0,4.8829484,185
tiong-bahru-bakery-singapore-4,5.0,5.0,4.886704,1602
tiong-bahru-bakery-singapore-4,5.0,5.0,4.869459,261
tiong-bahru-bakery-singapore-4,5.0,5.0,4.8559084,103
tiong-bahru-bakery-singapore-4,5.0,5.0,4.8941894,973
tiong-bahru-bakery-singapore-4,5.0,5.0,4.879688,939
jewel-coffee-singapore-8,5.0,5.0,4.875457,2237
l-atelier-tiramisu-singapore,5.0,5.0,4.818785,908
l-atelier-tiramisu-singapore,5.0,5.0,4.8974752,2043
regroup-singapore,4.0,4.0,3.9304423,306
asian-market-cafe-singapore,5.0,5.0,4.898048,306
jewel-coffee-singapore-3,5.0,5.0,4.859329,2415
jewel-coffee-singapore-3,5.0,5.0,4.895393,2466
moca-cafe-singapore-2,4.0,-1.0,-0.558709,2043
toms-palette-singapore,5.0,5.0,4.898108,1396
toms-palette-singapore,5.0,5.0,4.940006,461
toms-palette-singapore,5.0,5.0,4.9138536,57
toms-palette-singapore,5.0,5.0,4.8794746,1266
toms-palette-singapore,5.0,5.0,4.9083815,27
toms-palette-singapore,5.0,5.0,4.890712,1882
ps-cafe-singapore-7,5.0,5.0,4.904175,1486
ps-cafe-singapore-7,5.0,5.0,4.9168854,1527
ps-cafe-singapore-7,5.0,5.0,4.9145675,1926
patisserie-g-singapore,4.0,4.0,3.9177623,18
patisserie-g-singapore,4.0,4.0,3.9403183,57
patisserie-g-singapore,4.0,4.0,3.9463046,2159
patisserie-g-singapore,4.0,4.0,3.9276302,880
jewel-coffee-singapore-13,5.0,5.0,4.88985,2043
the-affogato-lounge-singapore,4.0,4.0,3.9316509,2479
wild-honey-singapore,4.0,4.0,3.9457674,1123
wild-honey-singapore,4.0,4.0,3.9078264,2064
wild-honey-singapore,4.0,4.0,3.9091074,1244
wild-honey-singapore,4.0,4.0,3.9302666,2237
wild-honey-singapore,4.0,4.0,3.9537525,2493
wild-honey-singapore,4.0,4.0,3.9599447,482
vanilla-bar-and-café-singapore-2,4.0,4.0,3.9202976,581
vanilla-bar-and-café-singapore-2,4.0,4.0,3.9433622,1839
mellower-coffee-singapore,5.0,-1.0,-0.85656184,2466
mellower-coffee-singapore,5.0,-1.0,-0.8556252,2043
o-coffee-club-singapore-10,3.0,3.0,3.0016153,2043
bar-bar-black-sheep-no-title,5.0,5.0,4.835478,898
bar-bar-black-sheep-no-title,5.0,5.0,4.862984,1777
baristart-coffee-singapore-no-title-3,5.0,5.0,4.9160647,1668
ke-kou-duck-singapore,4.0,4.0,3.926909,2262
asanoya-singapore,4.0,4.0,3.9639897,2205
asanoya-singapore,4.0,4.0,3.9370537,306
krispy-kreme-singapore-2,3.0,3.0,2.9339101,2043
the-tiny-roaster-120106,5.0,5.0,4.935521,843
the-tiny-roaster-120106,5.0,5.0,4.940896,614
the-tiny-roaster-120106,5.0,5.0,4.8927794,2237
jewel-coffee-singapore-7,4.0,4.0,3.9279768,225
tiong-bahru-bakery-singapore-3,4.0,4.0,3.889146,832
tiong-bahru-bakery-singapore-3,4.0,4.0,3.9439647,2141
tiong-bahru-bakery-singapore-3,4.0,4.0,3.9221864,18
tiong-bahru-bakery-singapore-3,4.0,4.0,3.9379816,1833
tiong-bahru-bakery-singapore-3,4.0,4.0,3.929807,1421
cocoa-colony-singapore-3,3.0,3.0,2.9626114,1343
patties-and-wiches-singapore,1.0,1.0,0.9829127,2479
revelry-singapore,5.0,5.0,4.8453074,1110
escape-restaurant-and-lounge-singapore,4.0,4.0,3.9062726,1422
escape-restaurant-and-lounge-singapore,4.0,4.0,3.9351041,2043
hoshino-coffee-singapore,4.0,4.0,3.934873,675
hoshino-coffee-singapore,4.0,4.0,3.935038,1602
rise-and-grind-coffee-co-bukit-timah,4.0,4.0,3.9500477,1639
toast-box-singapore-18,5.0,5.0,4.8987255,1868
butter-studio-singapore-2,4.0,4.0,3.9138784,2043
momo-cafe-singapore,5.0,5.0,4.884052,2043
toast-box-singapore-23,4.0,0.0,0.15780406,2043
okada-coffee-singapore,5.0,5.0,4.895925,152
mr-malabar-cafe-singapore,5.0,5.0,4.8269,2043
o-parl-cafe-singapore,2.0,2.0,2.018467,2043
grain-traders-singapore,5.0,5.0,4.880223,284
grain-traders-singapore,5.0,5.0,4.880467,225
grain-traders-singapore,5.0,5.0,4.854729,2137
smor-singapore,5.0,5.0,4.899055,1028
smor-singapore,5.0,5.0,4.8740687,1359
smor-singapore,5.0,5.0,4.8639507,2043
coffee-bandits-singapore,4.0,4.0,3.9350123,665
spinelli-coffee-company-singapore-3,3.0,3.0,2.9377363,2043
baker-and-cook-singapore,5.0,5.0,4.858117,2387
baker-and-cook-singapore,5.0,5.0,4.8885326,671
baker-and-cook-singapore,5.0,5.0,4.8886156,1602
baker-and-cook-singapore,5.0,5.0,4.907495,1022
baker-and-cook-singapore,5.0,5.0,4.881101,2043
the-daily-cut-singapore-3,5.0,5.0,4.8707724,225
the-daily-cut-singapore-3,5.0,5.0,4.8636413,2043
dal-komm-coffee-singapore,4.0,4.0,3.9096398,91
dal-komm-coffee-singapore,4.0,4.0,3.9231946,2043
fun-toast-singapore,5.0,5.0,4.893515,1868
fun-toast-singapore,5.0,5.0,4.848278,2292
killiney-kopitiam-singapore-11,5.0,5.0,4.8493323,1214
caffe-vergnano-1882-singapore-3,3.0,3.0,2.9565701,700
caffe-vergnano-1882-singapore-3,3.0,3.0,2.969811,1585
jonkers-nyonya-deli-singapore,4.0,4.0,3.9175704,1051
wimbly-lu-chocolate-cafe-company-singapore,4.0,4.0,3.8616903,440
wimbly-lu-chocolate-cafe-company-singapore,4.0,4.0,3.9018006,1781
wimbly-lu-chocolate-cafe-company-singapore,4.0,4.0,3.9116685,2540
strangers-at-work-singapore,5.0,5.0,4.88311,2043
kopi-roti-nasi-lemak-house-singapore,3.0,3.0,2.957935,2043
forty-hands-east-coast-singapore,5.0,5.0,4.8789535,2043
ps-cafe-singapore-8,4.0,4.0,3.9289484,728
ps-cafe-singapore-8,4.0,4.0,3.938716,132
ps-cafe-singapore-8,4.0,4.0,3.9103377,1530
ps-cafe-singapore-8,4.0,4.0,3.912534,1625
ps-cafe-singapore-8,4.0,4.0,3.9412682,2268
ps-cafe-singapore-8,4.0,4.0,3.9420953,488
ps-cafe-singapore-8,4.0,4.0,3.907956,1351
ps-cafe-singapore-8,4.0,4.0,3.9662554,820
ps-cafe-singapore-8,4.0,4.0,3.9044785,1130
plain-vanilla-bakery-singapore-2,5.0,5.0,4.8797817,2237
plain-vanilla-bakery-singapore-2,5.0,5.0,4.9256215,1546
plain-vanilla-bakery-singapore-2,5.0,5.0,4.854629,1113
plain-vanilla-bakery-singapore-2,5.0,5.0,4.912008,1416
plain-vanilla-bakery-singapore-2,5.0,5.0,4.924744,904
gudetama-cafe-singapore,5.0,5.0,4.938929,1601
gudetama-cafe-singapore,5.0,5.0,4.8907633,2043
rive-gauche-patisserie-singapore,4.0,4.0,3.8462415,770
tiong-bahru-bakery-singapore,4.0,4.0,3.9071364,1126
tiong-bahru-bakery-singapore,4.0,4.0,3.9607353,1903
tiong-bahru-bakery-singapore,4.0,4.0,3.9487329,328
tiong-bahru-bakery-singapore,4.0,4.0,3.9404464,1136
tiong-bahru-bakery-singapore,4.0,4.0,3.9195318,2248
katong-yong-tau-foo-singapore,4.0,4.0,3.9318,2043
o-coffee-club-singapore-8,4.0,4.0,3.9439156,2043
privé-clarke-quay-singapore,5.0,5.0,4.8791356,1553
shrove-tuesday-singapore,4.0,4.0,3.9282653,2043
killiney-kopitiam-newton-singapore,4.0,4.0,3.963513,2043
flagwhite-singapore,4.0,4.0,3.9316154,863
the-lokal-singapore,5.0,5.0,4.901983,1894
the-lokal-singapore,5.0,5.0,4.90741,1639
the-lokal-singapore,5.0,5.0,4.8631296,91
the-lokal-singapore,5.0,5.0,4.8865523,2058
starbucks-coffee-singapore-13,3.0,3.0,2.9546144,1567
yogiyo-korean-chicken-singapore,4.0,4.0,3.9019072,2043
starbucks-singapore-118,4.0,4.0,3.8879712,566
sg-rainbow-cafe-singapore,3.0,3.0,2.9451816,2262
d-good-cafe-singapore,4.0,4.0,3.953325,665
d-good-cafe-singapore,4.0,4.0,3.9121659,1458
d-good-cafe-singapore,4.0,4.0,3.9361427,1412
d-good-cafe-singapore,4.0,4.0,3.9445355,186
d-good-cafe-singapore,4.0,4.0,3.9341304,869
d-good-cafe-singapore,4.0,4.0,3.9393408,2097
d-good-cafe-singapore,4.0,4.0,3.928949,1555
ellenborough-market-café-singapore,4.0,4.0,3.9816027,1419
cafe-salivation-singapore,5.0,5.0,4.9630327,1796
cafe-salivation-singapore,5.0,5.0,4.796705,2002
pasarbella-singapore,4.0,4.0,3.9311464,1991
pasarbella-singapore,4.0,4.0,3.943063,515
pasarbella-singapore,4.0,4.0,3.965259,1786
coffee-hut-singapore,4.0,4.0,3.9317558,241
the-coffee-academics-singapore-3,4.0,4.0,3.9809186,2492
joe-and-dough-singapore-6,4.0,4.0,3.9203663,2061
joe-and-dough-singapore-6,4.0,4.0,3.902902,91
duke-bakery-singapore,4.0,4.0,3.9582407,820
duke-bakery-singapore,4.0,4.0,3.9318616,1343
duke-bakery-singapore,4.0,4.0,3.9344692,115
round-8-singapore,4.0,4.0,3.9265192,1316
round-8-singapore,4.0,4.0,3.91679,2043
the-bravery-cafe-singapore,5.0,5.0,4.8780704,1412
the-bravery-cafe-singapore,5.0,5.0,4.9089317,1637
kitchen-by-food-rebel-singapore,4.0,4.0,3.9442575,1293
starbucks-singapore-63,4.0,4.0,3.9260747,2043
jimmy-monkey-cafe-and-bar-singapore,4.0,4.0,3.9238672,128
jimmy-monkey-cafe-and-bar-singapore,4.0,4.0,3.9155986,1555
da-paolo-gastronomia-bukit-timah-bukit-timah,4.0,4.0,3.93162,241
da-paolo-gastronomia-bukit-timah-bukit-timah,4.0,4.0,3.7211742,976
long-black-cafe-singapore,4.0,4.0,3.92998,675
professor-brawn-cafe-singapore,4.0,4.0,3.92097,2061
professor-brawn-cafe-singapore,4.0,4.0,3.9202647,2097
volks-cafe-singapore,4.0,4.0,3.9529443,2043
starbucks-singapore-100,4.0,4.0,3.917168,1276
starbucks-singapore-100,4.0,4.0,3.862964,1634
starbucks-singapore-100,4.0,4.0,3.9436781,1100
starbucks-singapore-100,4.0,4.0,3.9322174,1777
collective-brewers-singapore,5.0,5.0,4.8821297,700
collective-brewers-singapore,5.0,5.0,4.8961005,2237
crossings-cafe-singapore,5.0,5.0,4.8886766,467
crossings-cafe-singapore,5.0,5.0,4.905014,27
laurent-bernard-chocolatier-singapore,5.0,5.0,4.869221,256
laurent-bernard-chocolatier-singapore,5.0,5.0,4.846842,281
laurent-bernard-chocolatier-singapore,5.0,5.0,4.9370584,401
laurent-bernard-chocolatier-singapore,5.0,5.0,4.8885503,1421
frankies-peanut-pancake-singapore,5.0,5.0,4.903843,2043
twg-tea-singapore-3,5.0,5.0,4.857303,312
twg-tea-singapore-3,5.0,5.0,4.895649,612
twg-tea-singapore-3,5.0,5.0,4.9163632,1926
twg-tea-singapore-3,5.0,5.0,4.886779,2043
twg-tea-singapore-3,5.0,5.0,4.9133434,5
maison-kayser-singapore,5.0,5.0,4.886932,724
maison-kayser-singapore,5.0,5.0,4.8900437,970
meomi-cat-cafe-singapore,5.0,5.0,4.9303436,917
mob-cafe-singapore,5.0,5.0,4.8329396,1807
avenue-cafe-singapore,3.0,3.0,2.9583352,1397
avenue-cafe-singapore,3.0,3.0,2.9388838,9
joe-and-dough-singapore-4,4.0,4.0,3.9641626,903
kith-cafe-singapore-4,4.0,4.0,4.013483,614
kith-cafe-singapore-4,4.0,4.0,3.9923387,1222
kith-cafe-singapore-4,4.0,4.0,3.974632,2043
bread-and-hearth-singapore,5.0,5.0,4.8664827,2043
tian-fu-tea-room-singapore,4.0,4.0,3.9349837,186
the-cup-rice-and-noodle-singapore,5.0,5.0,4.64434,976
the-cup-rice-and-noodle-singapore,5.0,5.0,4.905237,2043
laaf-singapore,5.0,-1.0,-0.7649635,2043
the-populus-coffee-and-food-co-singapore,5.0,5.0,4.9247656,1818
the-populus-coffee-and-food-co-singapore,5.0,5.0,4.911653,1788
the-populus-coffee-and-food-co-singapore,5.0,5.0,4.885979,186
courtyard-cafe-and-lounge-singapore,3.0,3.0,2.9316926,91
183-rojak-singapore,4.0,4.0,3.9134018,367
183-rojak-singapore,4.0,4.0,3.9144268,2043
sheng-chen-fried-kway-teow-singapore,5.0,5.0,4.903239,2043
white-rose-cafe-singapore,4.0,4.0,3.9474301,702
open-farm-community-singapore,5.0,5.0,4.8812814,728
open-farm-community-singapore,5.0,5.0,4.8604693,964
joe-and-dough-singapore-5,4.0,4.0,3.9431422,1593
jewel-coffee-singapore-6,5.0,5.0,4.8973866,75
jewel-coffee-singapore-6,5.0,5.0,4.8824615,2043
the-tastemaker-store-singapore,3.0,3.0,2.9537098,1051
1983-a-taste-of-nanyang-singapore-2,4.0,4.0,3.926955,532
brunetti-singapore,5.0,5.0,4.886795,1406
cedele-singapore-4,4.0,4.0,3.938374,665
cedele-singapore-4,4.0,4.0,3.9405556,713
cedele-singapore-4,4.0,4.0,3.9213912,886
cedele-singapore-4,4.0,4.0,3.9327087,488
chocolat-n-spice-singapore-2,4.0,4.0,3.9341567,604
dean-and-deluca-singapore-4,4.0,4.0,3.9344826,2043
the-royals-cafe-singapore,5.0,5.0,4.9229813,1637
the-royals-cafe-singapore,5.0,5.0,4.914539,220
the-royals-cafe-singapore,5.0,5.0,4.892039,2043
the-providore-singapore-3,4.0,4.0,3.9251115,2043
open-book-cafe-singapore,4.0,4.0,3.9504206,1100
the-food-barn-singapore,5.0,5.0,4.9030185,2043
the-coffee-bean-and-tea-leaf-singapore-64,4.0,4.0,3.9225657,2043
o-coffee-club-singapore-12,3.0,3.0,3.0766993,2043
jones-the-grocer-singapore-3,4.0,4.0,3.938845,1577
jones-the-grocer-singapore-3,4.0,4.0,3.9361284,186
jones-the-grocer-singapore-3,4.0,4.0,3.93228,2262
jones-the-grocer-singapore-3,4.0,4.0,3.9243135,198
riders-cafe-singapore,4.0,4.0,3.9272063,1542
lolas-cafe-singapore,4.0,4.0,3.9613426,36
lolas-cafe-singapore,4.0,4.0,3.9329014,186
lolas-cafe-singapore,4.0,4.0,3.9224634,23
lolas-cafe-singapore,4.0,4.0,3.9405088,1194
lolas-cafe-singapore,4.0,4.0,3.900453,1066
lolas-cafe-singapore,4.0,4.0,3.9201295,309
plain-vanilla-bakery-singapore-3,3.0,3.0,2.953797,284
meidi-ya-singapore-2,5.0,5.0,4.8582835,1850
meidi-ya-singapore-2,5.0,5.0,4.9246354,107
meidi-ya-singapore-2,5.0,5.0,4.9159784,1026
meidi-ya-singapore-2,5.0,5.0,4.9018817,2350
meidi-ya-singapore-2,5.0,5.0,4.9014573,1057
meidi-ya-singapore-2,5.0,5.0,4.9268503,1352
meidi-ya-singapore-2,5.0,5.0,4.8878846,2043
bundt-by-the-backyard-bakers-singapore,5.0,5.0,4.8866696,1667
graffiti-cafe-singapore-2,3.0,3.0,2.940928,1989
stamping-ground-singapore-2,4.0,4.0,3.912235,1599
stamping-ground-singapore-2,4.0,4.0,3.936964,2043
westin-lobby-lounge-singapore,5.0,5.0,4.9019933,2543
westin-lobby-lounge-singapore,5.0,5.0,4.900849,2043
yahava-koffeeworks-singapore,5.0,5.0,4.9113946,57
dulcet-and-studio-singapore,4.0,4.0,3.9280803,2350
dulcet-and-studio-singapore,4.0,4.0,3.9455204,302
dulcet-and-studio-singapore,4.0,4.0,3.9168737,2043
the-milky-way-singapore,4.0,4.0,3.9373167,1075
the-milky-way-singapore,4.0,4.0,3.9231153,2097
curry-leaf-singapore,4.0,4.0,3.9175704,1051
da-paolo-gastronomia-raffles-city-singapore,4.0,4.0,3.9100926,561
starbucks-singapore-89,5.0,5.0,4.870632,2043
ta-ke-cafe-singapore,3.0,3.0,2.9569926,26
ya-kun-kaya-toast-singapore-13,4.0,4.0,3.9418032,635
gram-singapore-2,5.0,5.0,4.9064603,1222
wheelers-yard-singapore,5.0,5.0,4.8543906,1663
wheelers-yard-singapore,5.0,5.0,4.8882904,2061
wheelers-yard-singapore,5.0,5.0,4.874771,553
wheelers-yard-singapore,5.0,5.0,4.861995,1493
wheelers-yard-singapore,5.0,5.0,4.9176702,861
wheelers-yard-singapore,5.0,5.0,4.8614335,1120
ladurée-singapore,4.0,4.0,3.9062603,14
ladurée-singapore,4.0,4.0,3.957866,1788
ladurée-singapore,4.0,4.0,3.924948,1428
d-good-cafe-singapore-3,5.0,5.0,4.9350343,665
d-good-cafe-singapore-3,5.0,5.0,4.913443,2043
fudebar-dine-at-stevens-singapore,5.0,-1.0,-0.78300804,2043
highlander-coffee-singapore,5.0,5.0,4.8991294,105
pacific-coffee-singapore-4,4.0,4.0,3.9139514,2043
tai-cheong-bakery-singapore-2,5.0,5.0,4.873067,2043
tian-kee-and-co-singapore-2,3.0,3.0,2.9416504,2043
black-and-ink-no-title,5.0,5.0,4.895629,27
froth-singapore,4.0,4.0,3.8957143,1113
starbucks-singapore-121,5.0,5.0,4.89731,2043
keong-saik-bakery-singapore,4.0,4.0,3.9467568,2331
keong-saik-bakery-singapore,4.0,4.0,3.9040084,91
rich-and-good-cake-shop-singapore,5.0,5.0,4.894088,809
rich-and-good-cake-shop-singapore,5.0,5.0,4.866524,898
rich-and-good-cake-shop-singapore,5.0,5.0,4.9003487,1057
rich-and-good-cake-shop-singapore,5.0,5.0,4.8985615,1343
the-autobus-singapore,4.0,4.0,3.8952665,2043
ps-cafe-petit-singapore,4.0,4.0,3.9388618,1733
ps-cafe-petit-singapore,4.0,4.0,3.9534638,140
ps-cafe-petit-singapore,4.0,4.0,3.9256446,900
ps-cafe-petit-singapore,4.0,4.0,3.8910556,240
ps-cafe-petit-singapore,4.0,4.0,3.9208155,970
scoop-of-art-singapore,4.0,4.0,3.930183,1861
barcook-bakery-singapore-8,3.0,3.0,2.9607775,2043
chye-seng-huat-hardware-singapore,5.0,5.0,4.8550525,2013
chye-seng-huat-hardware-singapore,5.0,5.0,4.9294205,2019
chye-seng-huat-hardware-singapore,5.0,5.0,4.903353,328
chye-seng-huat-hardware-singapore,5.0,5.0,4.8967705,2350
chye-seng-huat-hardware-singapore,5.0,5.0,4.882641,2237
chye-seng-huat-hardware-singapore,5.0,5.0,4.903054,209
chye-seng-huat-hardware-singapore,5.0,5.0,4.880181,407
chye-seng-huat-hardware-singapore,5.0,5.0,4.922083,428
sunday-folks-singapore,5.0,5.0,4.9018884,1075
sunday-folks-singapore,5.0,5.0,4.8897557,2044
sunday-folks-singapore,5.0,5.0,4.891238,122
sunday-folks-singapore,5.0,5.0,4.886739,2058
killiney-kopitiam-singapore-6,5.0,5.0,4.8510303,2043
the-coffee-bean-and-tea-leaf-singapore-54,3.0,0.0,0.26767725,864
the-coffee-bean-and-tea-leaf-singapore-54,3.0,0.0,0.26616028,1636
the-coffee-bean-and-tea-leaf-singapore-54,3.0,0.0,0.26919413,2043
吃-western-singapore,4.0,4.0,3.926909,2262
percolate-singapore,5.0,5.0,4.85652,1599
arteastiq-singapore,4.0,4.0,3.9179552,1412
arteastiq-singapore,4.0,4.0,3.8917992,2454
arteastiq-singapore,4.0,4.0,3.8936367,1505
apiary-singapore,5.0,5.0,4.8758464,306
apiary-singapore,5.0,5.0,4.884988,988
mon-bijou-singapore,4.0,4.0,3.9121215,2097
ogopogo-singapore,5.0,5.0,4.893871,2391
chin-chin-restaurant-singapore,5.0,5.0,4.8468585,1771
chin-chin-restaurant-singapore,5.0,5.0,4.8891907,1274
drips-singapore,4.0,4.0,3.9294116,376
drips-singapore,4.0,4.0,3.9094167,1276
drips-singapore,4.0,4.0,3.9264338,1861
drips-singapore,4.0,4.0,3.9186575,2043
group-therapy-cafe-singapore,4.0,4.0,3.9359305,75
the-dog-and-bone-cafe-singapore-2,5.0,5.0,4.8926005,753
bakers-13-singapore,5.0,5.0,4.902332,9
the-tiong-bahru-club-singapore,4.0,4.0,3.9088643,1445
the-tiong-bahru-club-singapore,4.0,4.0,3.9204018,297
the-tiong-bahru-club-singapore,4.0,4.0,3.9220383,2463
bread-yard-singapore-2,4.0,4.0,3.9336405,1022
killiney-kopitiam-singapore-4,5.0,5.0,4.8535414,1276
cafe-football-singapore,5.0,5.0,4.8928595,399
dot-and-dash-singapore,4.0,4.0,3.981949,2025
lana-cake-singapore-3,5.0,5.0,4.856865,898
lana-cake-singapore-3,5.0,5.0,4.877096,2043
the-coffee-bean-and-tea-leaf-singapore-23,4.0,4.0,3.9114223,2551
traditional-haig-road-putu-piring-singapore-3,5.0,5.0,4.872038,2043
the-affogato-bar-singapore,4.0,4.0,3.934519,1425
the-affogato-bar-singapore,4.0,4.0,3.9172728,2479
the-affogato-bar-singapore,4.0,4.0,3.8650396,2396
starbucks-singapore-21,4.0,4.0,3.8999255,651
starbucks-singapore-21,4.0,4.0,3.9253852,2043
the-company-of-cats-singapore,5.0,5.0,4.8404937,2046
pies-and-coffee-singapore-5,4.0,4.0,3.948747,2043
black-white-tale-singapore,4.0,4.0,3.9174964,1667
nanyang-old-coffee-singapore,5.0,5.0,4.852133,23
toast-box-singapore,5.0,5.0,4.8544955,2043
espressoul-singapore-2,4.0,4.0,3.932087,570
marco-marco-singapore-4,5.0,5.0,4.883735,2043
arabica-singapore,5.0,5.0,4.89194,1585
common-man-coffee-roasters-singapore,4.0,4.0,3.9180338,207
common-man-coffee-roasters-singapore,4.0,4.0,3.9649017,1065
common-man-coffee-roasters-singapore,4.0,4.0,3.9671001,721
common-man-coffee-roasters-singapore,4.0,4.0,3.9060135,740
common-man-coffee-roasters-singapore,4.0,4.0,3.9297302,2237
common-man-coffee-roasters-singapore,4.0,4.0,3.9391282,2479
common-man-coffee-roasters-singapore,4.0,4.0,3.9314063,2138
common-man-coffee-roasters-singapore,4.0,4.0,3.9650505,148
common-man-coffee-roasters-singapore,4.0,4.0,3.9674485,689
going-om-singapore,5.0,5.0,4.8943095,1868
going-om-singapore,5.0,5.0,4.8978376,26
going-om-singapore,5.0,5.0,4.8614984,2391
going-om-singapore,5.0,5.0,4.8857794,2346
flavour-flings-singapore,5.0,5.0,4.875513,1667
la-lola-churreria-singapore,3.0,3.0,2.9385817,309
dutch-colony-coffee-singapore,4.0,4.0,3.9309547,665
dutch-colony-coffee-singapore,4.0,4.0,3.8968225,1493
dutch-colony-coffee-singapore,4.0,4.0,3.9347262,765
dutch-colony-coffee-singapore,4.0,4.0,3.9139073,2043
dutch-colony-coffee-singapore,4.0,4.0,3.8900316,1275
the-garden-slug-singapore,4.0,4.0,3.9135664,666
soi-55-singapore-2,4.0,4.0,3.9397762,1475
eat-me-singapore-2,5.0,5.0,4.9038057,407
dimbulah-singapore,4.0,4.0,3.9625998,1882
dimbulah-singapore,4.0,4.0,3.9627793,2043
old-town-white-coffee-singapore-10,4.0,4.0,3.954441,2043
toast-box-singapore-8,5.0,5.0,4.8141184,469
toast-box-singapore-8,5.0,5.0,4.83876,2043
toast-box-singapore-42,4.0,4.0,3.881589,433
toast-box-singapore-42,4.0,4.0,3.8916032,2043
grids-and-circles-singapore-2,4.0,4.0,3.959109,1573
foong-kee-coffee-shop-singapore,5.0,5.0,4.9192324,1786
foong-kee-coffee-shop-singapore,5.0,5.0,4.894589,1087
sarnies-singapore,4.0,4.0,3.9497144,1213
sarnies-singapore,4.0,4.0,3.9446929,1621
sarnies-singapore,4.0,4.0,3.955921,2047
sarnies-singapore,4.0,4.0,3.9382267,1397
sarnies-singapore,4.0,4.0,3.9036174,91
sarnies-singapore,4.0,4.0,3.9349344,2326
sarnies-singapore,4.0,4.0,3.917169,2043
one-man-coffee-singapore,5.0,5.0,4.931283,903
one-man-coffee-singapore,5.0,5.0,4.9025545,2247
one-man-coffee-singapore,5.0,5.0,4.8933773,2237
one-man-coffee-singapore,5.0,5.0,4.931884,949
flying-hog-cafe-and-bar-singapore,3.0,3.0,2.9296005,898
starbucks-southern-islands,5.0,5.0,4.896648,1486
starbucks-southern-islands,5.0,5.0,4.9067183,1791
summerlong-singapore,3.0,3.0,2.948315,2043
nunsaram-singapore,5.0,5.0,4.9226165,2358
the-alley-singapore,4.0,4.0,3.9431212,2073
curious-palette-singapore,4.0,4.0,3.954126,2167
curious-palette-singapore,4.0,4.0,3.926181,2247
curious-palette-singapore,4.0,4.0,3.896088,1719
isle-eating-house-singapore,5.0,5.0,4.85135,1682
isle-eating-house-singapore,5.0,5.0,4.887778,2043
violet-oons-kitchen-singapore,5.0,5.0,4.8564897,1058
violet-oons-kitchen-singapore,5.0,5.0,4.8884206,376
violet-oons-kitchen-singapore,5.0,5.0,4.9116826,107
violet-oons-kitchen-singapore,5.0,5.0,4.87231,152
violet-oons-kitchen-singapore,5.0,5.0,4.9176507,1786
violet-oons-kitchen-singapore,5.0,5.0,4.889987,115
violet-oons-kitchen-singapore,5.0,5.0,4.8750186,2043
violet-oons-kitchen-singapore,5.0,5.0,4.867053,2540
living-cafe-and-deli-singapore,4.0,4.0,3.933962,186
living-cafe-and-deli-singapore,4.0,4.0,3.9032445,2225
punch-singapore,5.0,5.0,4.9165115,2474
little-creatures-brewing-singapore-singapore,5.0,5.0,4.9174776,1222
mama-patisserie-singapore,4.0,4.0,3.9208617,789
mama-patisserie-singapore,4.0,4.0,3.9248347,2061
mama-patisserie-singapore,4.0,4.0,3.926848,671
6oz-espresso-bar-singapore-2,5.0,5.0,4.9003315,152
hattendo-cafe-singapore,3.0,3.0,2.9513276,2043
esette-singapore-2,4.0,4.0,3.9173663,2043
street-submarine-singapore,4.0,4.0,3.8920186,631
wanna-cuppa-singapore,5.0,5.0,4.851326,1501
neko-no-niwa-singapore,5.0,5.0,4.879328,2061
wakey-wakey-singapore,5.0,0.0,0.1284712,2515
waterfall-cafe-singapore,5.0,5.0,4.933376,302
waterfall-cafe-singapore,5.0,5.0,4.895485,2297
pine-gardens-cake-singapore,4.0,4.0,3.9387524,675
pine-gardens-cake-singapore,4.0,4.0,3.9105556,1771
pine-gardens-cake-singapore,4.0,4.0,3.9405975,2044
pine-gardens-cake-singapore,4.0,4.0,3.9605713,861
liho-tea-singapore-28,4.0,4.0,3.8847241,2043
maxwell-food-centre-singapore-3,5.0,5.0,4.7899704,377
maxwell-food-centre-singapore-3,5.0,5.0,4.847757,164
maxwell-food-centre-singapore-3,5.0,5.0,4.9127545,2278
maxwell-food-centre-singapore-3,5.0,5.0,4.824242,898
maxwell-food-centre-singapore-3,5.0,5.0,4.9023147,2285
maxwell-food-centre-singapore-3,5.0,5.0,4.8101287,281
maxwell-food-centre-singapore-3,5.0,5.0,4.7622247,1706
maxwell-food-centre-singapore-3,5.0,5.0,4.8917675,614
maxwell-food-centre-singapore-3,5.0,5.0,4.8101287,240
maxwell-food-centre-singapore-3,5.0,5.0,4.8415356,407
maxwell-food-centre-singapore-3,5.0,5.0,4.8101287,996
maxwell-food-centre-singapore-3,5.0,5.0,4.8101287,1002
maxwell-food-centre-singapore-3,5.0,5.0,4.8761106,1416
ten-rens-tea-singapore,4.0,4.0,3.9285505,430
tong-heng-singapore-3,5.0,5.0,4.8383527,793
tong-heng-singapore-3,5.0,5.0,4.916037,663
tong-heng-singapore-3,5.0,5.0,4.8025737,1696
tong-heng-singapore-3,5.0,5.0,4.937683,1908
tong-heng-singapore-3,5.0,5.0,4.8564324,1266
tong-heng-singapore-3,5.0,5.0,4.9425287,371
the-muffinry-bakery-and-cafe-singapore,4.0,4.0,3.900964,1599
the-muffinry-bakery-and-cafe-singapore,4.0,4.0,3.9468107,1405
whisk-cafe-singapore,5.0,5.0,4.8280296,2539
benjamin-barker-cafe-singapore,4.0,4.0,3.9399648,2141
paddy-hills-singapore,4.0,4.0,3.9172025,1103
paddy-hills-singapore,4.0,4.0,3.932292,27
lowercase-singapore,4.0,4.0,3.9643536,1387
singapore-swimming-club-singapore,5.0,5.0,4.873528,2043
rafees-corner-singapore,4.0,4.0,3.9002163,1771
cedele-singapore-47,4.0,4.0,3.9166512,2043
mr-teh-tarik-eating-house-singapore-5,5.0,5.0,4.8971257,2043
lucky-food-centre-singapore,3.0,3.0,2.9698126,1727
enchanted-cafe-singapore,5.0,5.0,4.961604,1919
enchanted-cafe-singapore,5.0,5.0,4.87565,1084
cafe-cartel-singapore-2,4.0,0.0,-0.3465356,1517
cafe-cartel-singapore-2,4.0,0.0,-0.34616563,2043
sprout-singapore-2,5.0,5.0,4.909968,225
espressivo-cafe-singapore,5.0,0.0,0.06737536,2043
kraftwich-by-swissbake-singapore,5.0,0.0,0.060842007,2043
the-fabulous-baker-boy-singapore,4.0,4.0,3.9110248,14
the-fabulous-baker-boy-singapore,4.0,4.0,3.9792476,852
the-fabulous-baker-boy-singapore,4.0,4.0,3.8082695,2291
the-fabulous-baker-boy-singapore,4.0,4.0,3.910165,464
the-fabulous-baker-boy-singapore,4.0,4.0,3.9455607,115
the-fabulous-baker-boy-singapore,4.0,4.0,3.9334745,2043
the-fabulous-baker-boy-singapore,4.0,4.0,3.9269767,2540
kith-cafe-singapore-3,4.0,4.0,3.9318388,2043
toast-box-singapore-27,4.0,4.0,3.9463186,1051
toast-box-singapore-27,4.0,4.0,3.9693146,2141
hoshino-coffee-singapore-4,4.0,4.0,3.9222202,869
atlas-coffeehouse-singapore,5.0,5.0,4.8999715,665
atlas-coffeehouse-singapore,5.0,5.0,4.9116225,1425
atlas-coffeehouse-singapore,5.0,5.0,4.9038215,756
atlas-coffeehouse-singapore,5.0,5.0,4.9076138,2493
atlas-coffeehouse-singapore,5.0,5.0,4.9353237,1700
walking-on-sunshine-cafe-singapore,4.0,4.0,3.950764,1722
da-paolo-gastronomia-orchard-paragon-singapore,4.0,4.0,3.913387,964
